"Num_Acc";"catr";"voie";"v1";"v2";"circ";"nbv";"vosp";"prof";"pr";"pr1";"plan";"lartpc";"larrout";"surf";"infra";"situ";"vma"
"202000000001";"4";"HENRI BARBUSSE (AVENUE)";"0";"N/A";"2";"2";"0";"1";"0";"0";"1";;" -1";"1";"0";"1";"50"
"202000000002";"4";"MOUSSEAUX(CHEMIN)";"0";"N/A";"2";"2";"0";"1";"0";"100";"3";;" -1";"1";"0";"1";"50"
"202000000003";"4";"CARNOT(AVENUE)";"0";"N/A";" -1";"2";"0";"1";"0";"0";"1";;" -1";"1";"0";"1";"50"
"202000000004";"4";"VICTOR HUGO (AVENUE)";"0";"N/A";"2";"2";"0";"1";"1";"0";"1";;" -1";"1";"0";"1";"30"
"202000000005";"3";"35";"0";"N/A";"1";"1";"0";"1";"4";"674";"2";;" -1";"1";"3";"8";"50"
"202000000006";"3";"D6015";"0";"N/A";"2";"3";"0";"1";"66";"170";"1";;" -1";"2";"0";"1";"80"
"202000000007";"3";"DE GAULLE ( AVE DU GLE )A PARTIR DES NR";"0";"N/A";"2";"6";"0";"1";"3";"600";"1";;" -1";"1";"0";"1";"50"
"202000000008";"4";"N/A";"0";"N/A";"2";"4";"0";"1";"(1)";"(1)";"1";;" -1";"2";"5";"1";"50"
"202000000009";"3";"928";"0";"N/A";"2";"2";"0";"1";"6";"0";"1";;" -1";"1";"5";"1";"50"
"202000000010";"3";"941";"0";"N/A";"2";"2";"0";"1";"134";"400";"1";;"5";"1";"0";"1";"80"
"202000000011";"7";"22";"0";"N/A";"2";"3";"0";"1";"(1)";"(1)";"3";;" -1";"1";"0";"1";"50"
"202000000012";"4";"LECLERC (RUE DU MARECHAL)";"0";"N/A";"2";"2";"0";"1";"(1)";"(1)";"1";;" -1";"1";"0";"1";"50"
"202000000013";"4";"N/A";"0";"N/A";"3";"2";"0";"1";"0";"0";"1";;" -1";"1";"0";"1";"50"
"202000000014";"4";"N/A";"0";"N/A";"2";"2";"1";"1";"(1)";"(1)";"3";;" -1";"1";"0";"1";"50"
"202000000015";"3";"GEORGES CLEMENCEAU (AVENUE)";"0";"N/A";"2";"2";"0";"2";"0";"0";"3";;" -1";"2";"0";"4";"50"
"202000000016";"4";"VERN (DE)";"0";"N/A";"2";"2";"0";"1";"0";"0";"1";;" -1";"1";"5";"1";"50"
"202000000017";"4";"GRIMAULT (BD LEON)";"0";"N/A";"3";"2";"2";"1";"(1)";"(1)";"1";;" -1";"1";"0";"5";"50"
"202000000018";"4";"CHATEAUGIRON (DE)";"0";"N/A";"2";"4";"0";"1";"0";"0";"1";;" -1";"2";"5";"1";"50"
"202000000019";"3";"5";"0";"N/A";"2";"2";"0";"2";"21";"203";"3";;"5";"2";"0";"3";"80"
"202000000020";"4";"40 avenue du 8 Mai ";"0";"N/A";"2";"2";"0";"1";"(1)";"(1)";"1";;" -1";"1";"0";"1";"50"
"202000000021";"4";"N/A";"0";"N/A";"2";"2";"0";"1";"0";"0";"1";;" -1";"1";"0";"1";"50"
"202000000022";"4";"LUXEMBOURG   AVENUE DE";"0";"N/A";"2";"2";"0";"1";"0";"0";"1";;" -1";"1";"0";"1";"50"
"202000000023";"4";"N/A";"0";"N/A";"2";"4";"0";"2";"0";"0";"1";;" -1";"1";"2";"1";"50"
"202000000024";"4";"N/A";"0";"N/A";"1";"2";"0";"4";"0";"0";"1";;" -1";"1";"0";"1";"50"
"202000000025";"4";"CANNES (ROUTE DE) ";"0";"N/A";"2";"2";"0";"1";"0";"0";"1";;" -1";"1";"0";"1";"50"
"202000000026";"4";"VAL FLEURI CHEMIN DU";"0";"N/A";"2";"2";"0";"1";"0";"0";"1";;" -1";"1";"0";"1";"50"
"202000000027";"4";"CURIE PIERRE ET MARIE AVENUE";"0";"N/A";"2";"2";"0";"1";"0";"0";"1";;" -1";"1";"0";"1";"50"
"202000000028";"4";"N/A";"0";"N/A";"1";"2";"3";"1";"0";"0";"1";;" -1";"1";"0";"1";"50"
"202000000029";"4";"N/A";"0";"N/A";"1";"1";"0";"2";"0";"0";"1";;" -1";"8";"0";"1";"30"
"202000000030";"4";"N/A";"0";"N/A";"1";"1";"0";"1";"0";"0";"1";;" -1";"2";"0";"1";"50"
"202000000031";"4";"N/A";"0";"N/A";"3";"4";"0";"1";"0";"0";"1";;" -1";"2";"0";"1";"50"
"202000000032";"4";"N/A";"0";"N/A";"2";"4";"1";"1";"0";"0";"1";;" -1";"1";"0";"5";"30"
"202000000033";"4";"N/A";"0";"N/A";"2";"4";"3";"1";"0";"0";"1";;" -1";"1";"0";"6";"50"
"202000000034";"4";"N/A";"0";"N/A";"1";"2";"1";"1";"0";"0";"1";;" -1";"1";"0";"5";"30"
"202000000035";"4";"N/A";"0";"N/A";"1";"3";"3";"1";"0";"0";"1";;" -1";"1";"0";"6";"50"
"202000000036";"3";"PRESIDENT WILSON (AV DU)";"0";"N/A";"2";"2";"0";"1";"0";"1";"1";;" -1";"1";"0";"1";"50"
"202000000037";"3";"LEON GOURDAULT (AV)";"0";"N/A";"1";"2";"0";"1";"0";"1";"1";;" -1";"1";"5";"1";"50"
"202000000038";"3";"4";"0";"N/A";"2";"2";"0";"1";"0";"1";"1";;" -1";"1";"0";"1";"50"
"202000000039";"3";"219";"0";"N/A";"2";"2";"0";"1";"(1)";"(1)";"1";;" -1";"1";"0";"1";"50"
"202000000040";"4";"N/A";"0";"N/A";"1";"1";"0";"1";"0";"0";"1";;" -1";"1";"9";"1";"10"
"202000000041";"3";"GENERAL DE GAULLE (AVENUE)";"0";"N/A";"3";"4";"0";"1";"1";"0";"1";;" -1";"1";"0";"1";"50"
"202000000042";"3";"933";"0";"N/A";"3";"4";"0";"1";"0";"1";"1";;" -1";"1";"0";"1";"50"
"202000000043";"3";"PARIS RUE DE";"0";"N/A";"2";"2";"0";"1";"0";"1";"1";;" -1";"1";"9";"8";"50"
"202000000044";"3";"901";"0";"N/A";"3";"5";"0";"1";"1";"1";"1";;" -1";"1";"0";"1";"50"
"202000000045";"3";"403";"0";"N/A";"3";"4";"0";"2";"0";"1";"1";;" -1";"1";"0";"1";"50"
"202000000046";"3";"40";"0";"N/A";"3";"6";"0";"1";"0";"1";"1";;" -1";"1";"5";"1";"50"
"202000000047";"3";"986";"0";"N/A";"1";"3";"3";"2";"0";"0";"1";;" -1";"1";"0";"6";"50"
"202000000048";"3";"643";"0";"D";"2";"2";"0";"1";"44";"272";"3";;" -1";"1";"0";"1";"50"
"202000000049";"3";"118";" -1";"D";" -1";"2";"0";"1";"(1)";"(1)";"1";;" -1";"1";"5";"1";"30"
"202000000050";"3";"900";" -1";"D";"3";"4";"0";"3";"(1)";"(1)";"1";;" -1";"1";"0";"3";"110"
"202000000051";"4";"Rue Ernest Renan";" -1";"N/A";"2";"2";"0";"2";"(1)";"(1)";"1";;"7";"2";"0";"1";"50"
"202000000052";"3";"817";" -1";"N/A";"2";"2";"0";"2";"19";"950";"3";;" -1";"1";"0";"1";"80"
"202000000053";"4";"517";" -1";"N/A";"2";"2";"0";"1";"(1)";"(1)";"4";;" -1";"1";"0";"3";"80"
"202000000054";"4";"N/A";" -1";"N/A";"2";"2";"0";"1";"(1)";"(1)";"1";;" -1";"1";"0";"3";"50"
"202000000055";"3";"12";"2";"N/A";"2";"2";"0";"1";"4";"810";"1";;" -1";"1";"0";"1";"50"
"202000000056";"3";"33";"0";"N/A";"2";"2";"0";"1";"39";"551";"1";;" -1";"2";"0";"3";"80"
"202000000057";"4";"N/A";"0";"N/A";"2";"2";"0";"1";"(1)";"(1)";"1";;"4";"1";"0";"3";"50"
"202000000058";"3";"73";"0";"N/A";"2";"2";"0";"1";"26";"50";"1";;" -1";"1";"9";"3";"80"
"202000000059";"3";"1516";"0";"N/A";"2";"2";"0";"2";"15";"625";"1";;" -1";"1";"0";"1";"50"
"202000000060";"3";"D943";" -1";"N/A";"2";"2";"0";"2";"45";"600";"2";;" -1";"1";"0";"3";"80"
"202000000061";"3";"175";" -1";"N/A";"2";"2";"0";"2";"1";"424";"1";;" -1";"1";"0";"3";"80"
"202000000062";"3";"338";"0";"D";"2";"3";"0";"1";"(1)";"(1)";"1";;" -1";"2";"0";"1";"50"
"202000000063";"3";"6098";" -1";"N/A";"2";"2";"0";"1";"10";"295";"1";;" -1";"1";"0";"1";"50"
"202000000064";"3";"916";"0";"D";"2";"2";"0";"1";"18";"100";"1";;" -1";"1";"0";"1";" -1"
"202000000065";"3";"90";"0";"N/A";"2";"2";"0";"1";"2";"700";"1";;" -1";"2";"0";"1";"80"
"202000000066";"4";"N/A";"0";"N/A";"2";"2";"0";"1";"(1)";"(1)";"1";;"4";"1";"0";"4";" -1"
"202000000067";"3";"430";" -1";"N/A";"2";"2";"0";"1";"0";"800";"2";;" -1";"1";"5";"1";"50"
"202000000068";"3";"5";" -1";"N/A";"2";"2";"0";"2";"42";"415";"1";"0";"6";"1";"0";"3";"80"
"202000000069";"3";"86";" -1";"N/A";"2";"2";"0";"1";"61";"550";"1";;" -1";"1";"5";"1";"50"
"202000000070";"9";"PC";"0";"U";"2";"2";"1";"1";"8";"400";"1";;" -1";"2";"9";"5";"30"
"202000000071";"3";"939";"0";"N/A";"2";"2";"0";"1";"65";"0";"1";;" -1";"1";"0";"3";"50"
"202000000072";"3";"939E2";"2";"E";"2";"2";"0";"2";"6";"430";"3";;" -1";"2";"0";"3";"80"
"202000000073";"3";"274";" -1";"N/A";"2";"2";"0";"1";"4";"600";"3";;" -1";"1";"0";"1";"80"
"202000000074";"3";"115";" -1";"N/A";"2";"2";"0";"2";"4";"800";"1";;" -1";"1";"5";"1";"70"
"202000000075";"3";"17";" -1";"N/A";"2";"2";"1";"2";"21";"600";"1";;" -1";"1";"0";"1";"50"
"202000000076";"4";"N/A";"0";"N/A";"2";"2";"3";"1";"(1)";"(1)";"1";;"4";"1";"9";"6";"50"
"202000000077";"3";"4";" -1";"N/A";"2";"2";"0";"1";"0";"40";"3";;" -1";"1";"0";"3";"80"
"202000000078";"1";"6";" -1";"A";"3";"3";"0";"1";"89";"200";"1";;" -1";"2";"0";"4";"130"
"202000000079";"1";"660";"0";"N/A";"3";"4";"0";"1";"7";"300";"3";;" -1";"2";"0";"1";"130"
"202000000080";"1";"2";"0";"N/A";"1";"4";"0";"1";"21";"700";"1";;" -1";"1";"0";"1";"130"
"202000000081";"2";"3";"0";"N/A";"2";"2";"0";"1";"133";"350";"1";;" -1";"1";"0";"1";"50"
"202000000082";"3";"203";"0";"D";"2";"2";"0";"1";"3";"350";"1";;" -1";"1";"9";"4";"70"
"202000000083";"3";"24";"0";"N/A";"2";"2";"0";"2";"17";"420";"3";;" -1";"1";"0";"3";"70"
"202000000084";"3";"674";" -1";"N/A";"2";"2";"0";"2";"13";"300";"1";;" -1";"1";"0";"1";"50"
"202000000085";"3";"420";" -1";"N/A";"2";"2";"0";"1";"7";"300";"1";;" -1";"1";"9";"1";"50"
"202000000086";"3";"995";" -1";"N/A";"2";"2";"0";"3";"6";"750";"2";;" -1";"1";"2";"4";"50"
"202000000087";"3";"1084";"0";"N/A";"3";"1";"0";"1";"6";"715";"1";;" -1";"1";"0";"1";"50"
"202000000088";"3";"RD43";" -1";"N/A";"2";"2";"0";"2";"(1)";"(1)";"3";;" -1";"1";"0";"3";"50"
"202000000089";"3";"150 E";" -1";"N/A";"2";"2";"0";"1";"(1)";"(1)";"3";;" -1";"1";"0";"1";"50"
"202000000090";"2";"249";" -1";"N";"1";"1";"0";"2";"16";"100";"1";;" -1";"2";"3";"3";"80"
"202000000091";"1";"A7-Sens Marseille vers Lyon";"0";"N/A";" -1";"3";"0";"1";"265";"500";"1";;" -1";"1";"0";"1";"90"
"202000000092";"1";"A55-Sens Martigues vers Marseille";"0";"N/A";"3";"3";"0";"1";"17";"200";"1";;" -1";"1";"0";"1";"110"
"202000000093";"1";"51";"0";"N/A";"1";"3";"0";"1";"16";"500";"1";;" -1";"1";"0";"1";"110"
"202000000094";"3";"188";"0";"N/A";"2";"2";"0";"1";"6";"300";"2";;" -1";"1";"0";"3";"80"
"202000000095";"2";"86";"0";"N/A";"2";"4";"0";"1";"53";"291";"1";;" -1";"1";"0";"1";"90"
"202000000096";"1";"13";"0";"N/A";"3";"3";"0";"1";"36";"99";"1";;"14";"1";"0";"1";"130"
"202000000097";"1";"BDL";"0";"N/A";"1";"2";"0";"2";"0";"349";"3";;" -1";"1";"2";"1";"50"
"202000000098";"1";"15";"0";"N/A";"3";"4";"0";"1";"4";"900";"1";;"14";"1";"2";"1";"110"
"202000000099";"1";"86";"0";"N/A";"3";"3";"0";"1";"9";"699";"1";;"10,5";"1";"0";"1";"90"
"202000000100";"3";"45";"0";"N/A";"2";"2";"0";"2";"1";"600";"1";;" -1";"1";"0";"1";"50"
"202000000101";"3";"110";"0";"N/A";"2";"2";"0";"1";"0";"0";"1";;" -1";"1";"0";"1";"50"
"202000000102";"4";"583";"0";"N/A";"2";"2";"0";"1";"0";"0";"2";;" -1";"1";"5";"3";"50"
"202000000103";"4";"358";"0";"N/A";"3";"2";"0";"1";"0";"0";"1";;" -1";"1";"0";"1";"50"
"202000000104";"3";"3";"2";"N/A";"2";"2";"0";"2";"0";"0";"4";;" -1";"1";"0";"3";"50"
"202000000105";"4";"CARAMBOLES (DES)";"0";"N/A";"2";"2";"0";"1";"23";"0";"1";;" -1";"2";"0";"1";"50"
"202000000106";"3";"MACE (ROUTE GABRIEL)";"0";"N/A";"2";"2";"0";"2";"0";"0";"1";;" -1";"1";"0";"1";"50"
"202000000107";"4";"DE LA GARE(RUE)";"0";"N/A";"2";"2";"0";"1";"0";"0";"1";;" -1";"1";"0";"1";"50"
"202000000108";"4";"GENERAL FRERE (DU)                  (AV)";"0";"N/A";"2";"2";"1";"1";"1";"0";"1";;" -1";"1";"0";"4";"50"
"202000000109";"4";"PATRICE LUMUMBA (RUE)";"0";"N/A";"1";"1";"0";"1";"(1)";"(1)";"1";;"5";"1";"0";"1";"30"
"202000000110";"4";"JEAN MOULIN                         (QU)";"0";"N/A";"3";"6";"0";"1";"0";"0";"1";;" -1";"1";"0";"1";"50"
"202000000111";"4";"GRANDE RUE                          (GR)";"0";"N/A";"2";"4";"3";"2";"0";"1";"1";;" -1";"1";"0";"1";"50"
"202000000112";"4";"MARIETTON                           (R )";"0";"N/A";"2";"2";"0";"1";"0";"0";"1";;" -1";"2";"0";"1";"50"
"202000000113";"4";"BON PASTEUR (DU)                  AV";"0";"N/A";"2";"4";"0";"3";"0";"0";"3";;" -1";"2";"1";"2";"50"
"202000000114";"4";"N/A";"0";"N/A";"2";"2";"0";"1";"0";"0";"1";;" -1";"1";"0";"1";"50"
"202000000115";"4";"BRETIGNY (AVENUE DE)";"0";"N/A";"2";"2";"0";"1";"0";"0";"1";;" -1";"1";"0";"1";"50"
"202000000116";"4";"JEAN MERMOZ (RUE)";"0";"N/A";" -1";"0";"0";"1";"0";"0";"3";;" -1";"1";"0";"1";"30"
"202000000117";"4";"DORDOGNE (AVENUE DE)";"0";"N/A";"3";"2";"0";"1";"0";"0";"1";;" -1";"2";"0";"1";"30"
"202000000118";"4";"N/A";"0";"N/A";"2";"2";"0";"1";"0";"0";"1";;" -1";"2";"0";"1";"50"
"202000000119";"4";"N/A";"0";"N/A";" -1";"2";"0";"1";"0";"0";"1";;" -1";"1";"0";"1";"50"
"202000000120";"2";"7";"0";"N/A";" -1";"2";"0";"2";"0";"0";"1";;" -1";"1";"0";"8";"50"
"202000000121";"4";"N/A";"0";"N/A";"1";"2";"0";"1";"0";"0";"2";;" -1";"2";"9";"1";"30"
"202000000122";"4";"GARIBALDI (BOULEVARD DES)";"0";"N/A";"1";"2";"0";"1";"0";"0";"1";;" -1";"2";"0";"1";"50"
"202000000123";"4";"PONTEIX (AVENUE DU)";"0";"N/A";"4";"3";"0";"1";"1";"799";"1";;" -1";"2";"0";"1";"70"
"202000000124";"4";"PIERRE SEMARD (avenue)";"0";"N/A";"2";"4";"1";"1";"0";"1";"1";;" -1";"1";"0";"1";"50"
"202000000125";"3";"RD225  (route touristique)";"0";"N/A";"2";"2";"0";"1";"0";"1";"1";;" -1";"1";"0";"1";"70"
"202000000126";"4";"RUE HOSEPH DE MONTGOLFIER";"0";"N/A";"2";"3";"1";"1";"0";"1";"1";;" -1";"1";"0";"1";"50"
"202000000127";"3";"900";"0";"N/A";"2";"4";"1";"2";"3";"770";"1";;" -1";"1";"0";"1";"50"
"202000000128";"4";"NC";"0";"N/A";"2";"2";"0";"1";"0";"0";"1";;" -1";"1";"0";"1";"50"
"202000000129";"4";"GRES ROSES (ALLEE DES)";"0";"N/A";"1";"1";"0";"1";"0";"0";"1";;" -1";"1";"9";"8";"30"
"202000000130";"3";"939";"0";"N/A";"2";"2";"0";"2";"0";"1";"1";;" -1";"1";"5";"1";"50"
"202000000131";"3";"34E";"0";"N/A";"2";"3";"0";"2";"0";"893";"1";;" -1";"2";"2";"1";"70"
"202000000132";"3";"603";"0";"N/A";"2";"4";"0";"1";"20";"951";"1";;" -1";"1";"0";"1";"50"
"202000000133";"3";"RD11";"0";"N/A";"2";"2";"0";"1";"3";"950";"1";;" -1";"1";"0";"1";"70"
"202000000134";"4";"DES PARCS(allée)";"0";"N/A";"2";"2";"0";"1";"0";"0";"1";;" -1";"2";"5";"6";"50"
"202000000135";"4";"ANSE D'  (rue)";"0";"N/A";"2";"2";"0";"1";"1";"0";"1";;" -1";"1";"0";"1";"50"
"202000000136";"4";"9";"0";"N/A";"2";"4";"1";"1";"0";"0";"1";;" -1";"2";"0";"1";"50"
"202000000137";"4";"Napoleon Joseph Sarda-Garriga ( rue de )";"0";"N/A";"2";"2";"0";"1";"0";"0";"3";;" -1";"1";"0";"1";"50"
"202000000138";"4";"ROIS-DE-MAJORQUE (DES)";"0";"N/A";"1";"1";"0";"1";"0";"0";"1";;" -1";"1";"0";"1";"50"
"202000000139";"4";"N/A";"0";"N/A";"2";"2";"0";"1";"(1)";"(1)";"1";;" -1";"1";"0";"1";"30"
"202000000140";"4";"N/A";"0";"N/A";"2";"4";"0";"1";"0";"0";"1";;" -1";"2";"0";"1";"50"
"202000000141";"4";"rue Auger";"0";"N/A";"2";"2";"0";"1";"(1)";"(1)";"1";;" -1";"2";"0";"1";"50"
"202000000142";"4";"N/A";"0";"N/A";"1";"1";"0";"2";"(1)";"(1)";"2";;" -1";"3";"0";"1";"30"
"202000000143";"4";"BARATTE (FAUBOURG)";"0";"N/A";"2";"2";"0";"1";"0";"0";"1";;" -1";"2";"0";"1";"50"
"202000000144";"4";"MARNE (AVENUE DE LA)";"0";"N/A";"2";"3";"0";"1";"0";"0";"1";;" -1";"2";"0";"1";"50"
"202000000145";"3";"465";"0";"N/A";"3";"0";"0";"1";"0";"530";"1";;"0";"1";"0";"1";"70"
"202000000146";"4";"N/A";"0";"N/A";"2";"2";"1";"1";"0";"0";"1";;" -1";"2";"0";"3";"50"
"202000000147";"4";"N/A";"0";"N/A";"2";"2";"0";"1";"(1)";"(1)";"1";;" -1";"1";"0";"1";"30"
"202000000148";"4";"N/A";"0";"N/A";"1";"2";"0";"1";"0";"0";"1";;" -1";"2";"5";"3";"50"
"202000000149";"3";"951";"0";"N/A";"3";"6";"2";"3";"21";"500";"1";;" -1";"2";"2";"1";"70"
"202000000150";"3";"1205";"0";"D";"2";"2";"0";"1";"38";"800";"1";;" -1";"1";"0";"1";"70"
"202000000151";"2";"2";"0";"N/A";"2";"2";"0";"1";"(1)";"(1)";"1";;" -1";"1";"0";"1";"70"
"202000000152";"3";"114";" -1";"N/A";" -1";"2";"0";"3";"(1)";"(1)";"2";;" -1";"1";"0";"3";" -1"
"202000000153";"2";"2";"0";"N/A";"2";"2";"0";"1";"(1)";"(1)";"1";;" -1";"1";"0";"3";"80"
"202000000154";"3";"19";" -1";"B";"1";"1";"0";"1";"(1)";"(1)";"3";;" -1";"1";"3";"8";"50"
"202000000155";"2";"40";" -1";"N/A";"2";"2";"0";"2";"107";"200";"3";;" -1";"1";"0";"1";"80"
"202000000156";"2";"113";" -1";"N/A";"2";"2";"0";"1";"0";"555";"1";;" -1";"2";"0";"3";"90"
"202000000157";"3";"76";" -1";"N/A";"2";"1";"0";"1";"0";"500";"1";;" -1";"1";"0";"1";" -1"
"202000000158";"3";"19";" -1";"N/A";"2";"2";"0";"2";"(1)";"(1)";"3";;" -1";"2";"0";"1";" -1"
"202000000159";"7";"2";" -1";"M";"2";"2";"0";"2";"23";"100";"3";;" -1";"1";"0";"1";"80"
"202000000160";"3";"906";"0";"N/A";"2";"2";"0";"1";"(1)";"(1)";"1";;" -1";"1";"0";"1";"70"
"202000000161";"3";"30";" -1";"N/A";" -1";"2";"0";"1";"5";"480";"3";;" -1";"1";"0";"1";"80"
"202000000162";"4";"52";"0";"N/A";"2";"2";"0";"1";"(1)";"(1)";"1";;" -1";"1";"0";"1";"70"
"202000000163";"3";"rd22";"0";"N/A";"2";"2";"0";"1";"19";"350";"2";;" -1";"1";"5";"1";"50"
"202000000164";"3";"77";" -1";"N/A";"1";"1";"0";"1";"0";"600";"2";;" -1";"1";"5";"1";"30"
"202000000165";"3";"52";"0";"N/A";"2";"2";"0";"1";"4";"500";"1";;" -1";"2";"0";"1";"80"
"202000000166";"2";"24";" -1";"N/A";"3";"4";"0";"1";"15";"550";"1";;" -1";"1";"0";"1";"110"
"202000000167";"3";"901";"0";"N/A";"2";"2";"0";"1";"(1)";"(1)";"1";;" -1";"1";"0";"1";"80"
"202000000168";"1";"Autoroute A30";"0";"N/A";"3";"4";"0";"1";"19";"500";"2";;" -1";"1";"0";"3";"110"
"202000000169";"1";"Autoroute A31";"0";"N/A";"3";"4";"0";"1";"327";"399";"1";;" -1";"1";"0";"1";"110"
"202000000170";"1";"630";"0";"N/A";"1";"1";"0";"2";"19";"30";"3";;" -1";"2";"3";"1";"50"
"202000000171";"1";"10";"0";"N/A";"3";"6";"0";"2";"531";"599";"1";;" -1";"1";"0";"1";"130"
"202000000172";"1";"25";"0";"N/A";"3";"4";"0";"1";"19";"299";"1";;" -1";"1";"0";"1";"110"
"202000000173";"1";"AUTOROUTE A10";"0";"N/A";"3";"3";"0";"1";"2";"750";"1";;" -1";"1";"0";"1";"90"
"202000000174";"1";"86";"0";"N/A";"1";"3";"0";"1";"49";"500";"1";;" -1";"1";"0";"1";"90"
"202000000175";"1";"AUTOROUTE A6";"0";"N/A";"1";"3";"0";"1";"16";"950";"1";;" -1";"1";"0";"2";"110"
"202000000176";"1";"AUTOROUTE A6";"0";"N/A";"1";"3";"0";"2";"32";"200";"1";;" -1";"1";"0";"1";"110"
"202000000177";"2";"12";"0";"N/A";"3";"6";"0";"1";"19";"299";"1";;" -1";"1";"0";"1";"110"
"202000000178";"2";"406";"0";"W";"3";"2";"0";"1";"2";"799";"1";;" -1";"1";"0";"1";"90"
"202000000179";"1";"86";"0";"INT";" -1";"2";"0";"3";"41";"200";"1";;" -1";"1";"0";"1";"90"
"202000000180";"4";"268";"0";"N/A";"3";"2";"0";"1";"0";"0";"1";;" -1";"1";"0";"1";"50"
"202000000181";"4";"ETATS UNIS (DES)                    (BD)";"0";"N/A";"1";"0";"0";"1";"0";"0";"1";;" -1";"1";"0";"1";"50"
"202000000182";"4";"N/A";"0";"N/A";"1";"1";"0";"1";"0";"0";"1";;" -1";"1";"6";"1";"30"
"202000000183";"4";"N/A";"0";"N/A";"1";"1";"0";"1";"0";"1";"1";;" -1";"1";"5";"1";"50"
"202000000184";"3";"407";"0";"N/A";"3";"4";"0";"1";"3";"100";"1";;" -1";"1";"0";"1";"50"
"202000000185";"9";"GRIBELETTE (AVENUE DE LA)";"0";"N/A";"1";"1";"0";"1";"0";"0";"2";;" -1";"2";"9";"8";"50"
"202000000186";"4";"TRANSVAL (RUE DE)";"0";"N/A";" -1";"0";"0";"1";"0";"1";"1";;" -1";"1";"0";"8";"50"
"202000000187";"4";"STALINGRAD    (Boulevard de la Bataille ";"0";"N/A";"1";"0";"1";"1";"(1)";"(1)";"1";;" -1";"2";"0";"1";"50"
"202000000188";"4";"LAYATS (AVENUE DE)";"0";"N/A";"2";"1";"0";"1";"0";"0";"1";;" -1";"1";"0";"1";"50"
"202000000189";"3";"CHANTACO (AVENUE DE )";"0";"N/A";"2";"2";"0";"1";"3";"0";"1";;" -1";"1";"0";"1";"70"
"202000000190";"1";"11";"0";"N/A";"1";"0";"0";"1";"349";"300";"1";;" -1";"1";"0";"1";"90"
"202000000191";"3";"952";"0";"N/A";"2";"2";"0";"1";"(1)";"(1)";"1";;" -1";"1";"0";"1";"50"
"202000000192";"3";"DODIN (AVENUE ROGER)";"0";"N/A";"1";"1";"0";"1";"23";"0";"3";;" -1";"1";"3";"1";"50"
"202000000193";"4";"CRS DU MEDOC";"0";"N/A";"2";"4";"2";"1";"(1)";"(1)";"1";;" -1";"1";"5";"1";"50"
"202000000194";"3";"783";"0";"N/A";"1";"4";"0";"1";"54";"400";"2";;" -1";"1";"0";"1";"70"
"202000000195";"3";"313";"0";"N/A";"2";"3";"0";"2";"9";"140";"1";;" -1";"1";"0";"1";"70"
"202000000196";"4";"N/A";"0";"N/A";"1";"4";"3";"1";"(1)";"(1)";"1";;" -1";"1";"0";"1";"50"
"202000000197";"3";"4";"0";"A";" -1";"2";"0";"2";"0";"0";"1";;" -1";"2";"0";"1";"50"
"202000000198";"3";"D.5";"0";"N/A";"2";"2";"0";"1";"0";"0";"1";;" -1";"2";"0";"8";"50"
"202000000199";"6";"N/A";"0";"N/A";" -1";" -1";"0";"1";"0";"0";"1";;" -1";"1";"0";"1";"50"
"202000000200";"4";"QUINET (RUE EDGARD)";"0";"N/A";"2";"1";"0";"1";"0";"0";"1";;" -1";"1";"0";"1";"30"
"202000000201";"3";"41";"0";"N/A";"2";"2";"0";"1";"24";"100";"1";;" -1";"1";"0";"1";"50"
"202000000202";"4";"COLLE CHEMIN DE LA";"0";"N/A";"2";"2";"0";"1";"0";"0";"1";;" -1";"2";"0";"1";"50"
"202000000203";"4";"quai Rouget de l'Isle";"0";"N/A";"2";"2";"0";"1";"(1)";"(1)";"1";;" -1";"1";"5";"1";"50"
"202000000204";"4";"N/A";"0";"N/A";"1";"4";"0";"1";"23";"300";"1";;" -1";"1";"0";"1";"70"
"202000000205";"4";"N/A";"0";"N/A";"1";"4";"0";"1";"25";"900";"1";;" -1";"1";"0";"1";"70"
"202000000206";"4";"N/A";"0";"N/A";"1";"5";"0";"1";"0";"100";"1";;" -1";"1";"0";"1";"70"
"202000000207";"4";"N/A";"0";"N/A";" -1";"4";"0";"2";"0";"0";"1";;" -1";"1";"0";"1";"50"
"202000000208";"4";"N/A";"0";"N/A";"2";"6";"0";"1";"0";"0";"1";;" -1";"1";"0";"1";"50"
"202000000209";"4";"N/A";"0";"N/A";"2";"4";"0";"1";"0";"0";"1";;" -1";"1";"0";"1";"50"
"202000000210";"4";"N/A";"0";"N/A";"2";"2";"0";"1";"0";"0";"1";;" -1";"1";"0";"1";"50"
"202000000211";"4";"N/A";"0";"N/A";"2";"4";"0";"1";"0";"0";"1";;" -1";"1";"0";"1";"50"
"202000000212";"4";"N/A";"0";"N/A";"1";"1";"0";"1";"0";"0";"1";;" -1";"1";"0";"1";"50"
"202000000213";"4";"N/A";"0";"N/A";" -1";"2";"0";"2";"0";"0";"1";;" -1";"1";"0";"1";"50"
"202000000214";"4";"N/A";"0";"N/A";" -1";"1";"1";"1";"0";"0";"1";;" -1";"1";" -1";"5";"50"
"202000000215";"4";"N/A";"0";"N/A";"2";"3";"0";"1";"0";"0";"3";;" -1";"1";"0";"1";"50"
"202000000216";"4";"N/A";"0";"N/A";"2";"4";"1";"1";"0";"0";"1";;" -1";"1";" -1";"5";"30"
"202000000217";"3";"155";"0";"N/A";"2";"5";"3";"1";"(1)";"(1)";"1";;" -1";"1";"6";"6";"30"
"202000000218";"3";"127";"0";"N/A";"2";"2";"0";"1";"0";"1";"1";;" -1";"1";"0";"1";"50"
"202000000219";"4";"BEL AIR (R)";"0";"N/A";"2";"1";"0";"1";"0";"0";"1";;" -1";"1";"0";"1";"50"
"202000000220";"3";"QUEUE EN BRIE (RTE DE LA)";"0";"N/A";"1";"1";"0";"1";"(1)";"(1)";"2";;" -1";"1";"0";"1";"50"
"202000000221";"2";"19";"0";"N/A";"3";"2";"0";"1";"(1)";"(1)";"1";;" -1";"1";"0";"1";"50"
"202000000222";"3";"MAXIME GORKI (BOULEVARD) DES N°1 AU 87";"0";"N/A";"2";"2";"0";"1";"0";"1";"1";;" -1";"1";"0";"1";"50"
"202000000223";"3";"970";"0";"N/A";"2";"2";"0";"1";"0";"1";"1";;" -1";"1";"0";"1";"30"
"202000000224";"4";"N/A";"0";"N/A";"1";"1";"0";"1";"0";"0";"1";;" -1";"1";"0";"1";"50"
"202000000225";"3";"7";"0";"N/A";"2";"2";"1";"1";"0";"0";"1";;" -1";"1";"0";"5";"30"
"202000000226";"3";"992";"0";"N/A";"2";"4";"0";"2";"0";"0";"1";;" -1";"2";"0";"1";"50"
"202000000227";"3";"75";"0";"N/A";"1";"2";"0";"1";"0";"0";"1";;" -1";"1";"0";"1";"30"
"202000000228";"3";"920";"0";"N/A";"3";"6";"1";"3";"0";"0";"1";;" -1";"2";"0";"1";"50"
"202000000229";"3";"985";" -1";"N/A";"2";"2";"0";"1";"25";"300";"1";;" -1";"1";"0";"1";"80"
"202000000230";"3";"15";"0";"N/A";"2";"2";"0";"1";"25";"100";"1";;" -1";"1";"8";"1";"50"
"202000000231";"2";"147";"0";"N/A";"2";"2";"0";"1";"6";"0";"1";;" -1";"1";"0";"1";"80"
"202000000232";"2";"171";" -1";"N/A";"3";"2";"0";"1";"84";"0";"1";;" -1";"1";"0";"1";"90"
"202000000233";"3";"15";"0";"N/A";"2";"2";"0";"2";"11";"100";"1";;" -1";"1";"0";"1";"80"
"202000000234";"3";"37";"0";"N/A";"3";"2";"0";"1";"4";"500";"1";;" -1";"1";"0";"1";"50"
"202000000235";"3";"1";" -1";"N/A";"2";"2";"0";"1";"17";"500";"1";;" -1";"1";"0";"1";"80"
"202000000236";"3";"922";" -1";"N/A";"3";"2";"0";"3";"45";"200";"1";;" -1";"1";"0";"1";"80"
"202000000237";"3";"215";"0";"D";"2";"2";"0";"2";"8";"0";"1";;" -1";"8";"0";"1";"50"
"202000000238";"3";"48";"0";"N/A";"2";"2";"0";"2";"1";"500";"2";;" -1";"2";"0";"1";"90"
"202000000239";"3";"33";"0";"N/A";"2";"2";"0";"2";"2";"230";"3";;" -1";"2";"0";"3";"80"
"202000000240";"3";"774";" -1";"N/A";"2";"2";"0";"1";"16";"800";"1";;" -1";"1";"0";"1";"80"
"202000000241";"3";"49";" -1";"N/A";"2";"1";"0";"2";"14";"890";"1";;" -1";"1";"0";"1";"80"
"202000000242";"3";"920";" -1";"N/A";"2";"2";"0";"2";"0";"250";"2";;" -1";"1";"0";"1";"50"
"202000000243";"4";"Avenue du Truc Vert";"0";"N/A";"2";"2";"2";"1";"(1)";"(1)";"2";;" -1";"2";"0";"5";"50"
"202000000244";"3";"955";" -1";"N/A";"2";"2";"0";"1";"46";"816";"2";;" -1";"1";"0";"1";"50"
"202000000245";"3";"710";" -1";"N/A";"2";"2";"0";"1";"3";"800";"3";;" -1";"1";"0";"8";"50"
"202000000246";"3";"38";" -1";"N/A";"2";"2";"0";"3";"22";"(1)";"3";;" -1";"2";"0";"1";"80"
"202000000247";"3";"15";" -1";"N/A";"2";"2";"0";"1";"36";"370";"2";;" -1";"1";"0";"3";"90"
"202000000248";"3";"909";"0";"N/A";"2";"2";"0";"1";"44";"0";"1";;" -1";"1";"0";"3";"90"
"202000000249";"3";"145";" -1";"N/A";"2";"2";"0";"1";"5";"950";"1";;" -1";"1";"0";"1";" -1"
"202000000250";"3";"43";" -1";"N/A";"2";"2";"0";"2";"2";"5";"3";;" -1";"2";"0";"3";"80"
"202000000251";"3";"3";" -1";"N/A";"2";"2";"0";"1";"51";"800";"1";;" -1";"1";"0";"1";"50"
"202000000252";"3";"908";" -1";"N/A";"2";"2";"0";"1";"27";"600";"3";;" -1";"2";"9";"3";"90"
"202000000253";"3";"72";" -1";"N/A";"2";"1";"0";"1";"4";"600";"1";;" -1";"2";"0";"1";"50"
"202000000254";"3";"21";"0";"N/A";"2";"2";"0";"1";"19";"700";"1";;" -1";"1";"0";"8";"50"
"202000000255";"3";"44";" -1";"N/A";"2";"2";"0";"1";"30";"800";"1";;" -1";"1";"5";"1";"50"
"202000000256";"3";"85";"0";"N/A";"2";"2";"0";"2";"3";"900";"1";;" -1";"1";"0";"1";"50"
"202000000257";"3";"28";"0";"D";"2";"2";"0";"1";"4";"100";"4";;" -1";"1";"0";"1";"80"
"202000000258";"3";"D960";" -1";"N/A";"2";"2";"0";"1";"19";"400";"2";;" -1";"1";"0";"3";"80"
"202000000259";"3";"3";"0";"N/A";"2";"2";"0";"2";"3";"966";"1";;" -1";"1";"0";"3";"80"
"202000000260";"2";"4";"0";"N";"3";"4";"0";"2";"7";"400";"1";;" -1";"1";"2";"3";"110"
"202000000261";"3";"603";" -1";"N/A";"2";"2";"0";"1";"19";"500";"1";;" -1";"1";"5";"1";"80"
"202000000262";"3";"906";"0";"N/A";"2";"2";"0";"1";"16";"400";"1";;" -1";"2";"0";"1";"90"
"202000000263";"4";"5";" -1";"N/A";"2";"2";"0";"1";"(1)";"(1)";"4";;" -1";"1";"0";"3";"80"
"202000000264";"3";"20";"0";"N/A";"2";"2";"0";"1";"5";"950";"1";;" -1";"1";"0";"1";"80"
"202000000265";"4";"N/A";" -1";"N/A";"1";"1";"0";"2";"(1)";"(1)";"1";;" -1";"1";"0";"1";"50"
"202000000266";"3";"D675";" -1";"N/A";"2";"2";"0";"1";"31";"875";"1";;" -1";"1";"0";"1";"50"
"202000000267";"4";"3";"0";"N/A";"2";"2";"0";"2";"0";"350";"2";;" -1";"1";"0";"1";"80"
"202000000268";"4";"16";" -1";"C";"2";"2";"0";"2";"(1)";"(1)";"2";;" -1";"1";"9";"3";"80"
"202000000269";"1";"87";"0";"A";"3";"4";"3";"1";"32";"150";"1";;" -1";"1";"0";"3";"110"
"202000000270";"1";"89";" -1";"N/A";"1";"4";"0";"1";"534";"700";"2";;" -1";"2";"0";"1";"110"
"202000000271";"2";"4";"0";"N/A";"2";"2";"0";"3";"3";"500";"3";;" -1";"1";"0";"1";"80"
"202000000272";"3";"732";" -1";"N/A";"2";"2";"0";"1";"19";"800";"1";;" -1";"1";"0";"1";"80"
"202000000273";"3";"1091";"0";"N/A";"2";"2";"0";"1";"42";"800";"3";;" -1";"1";"0";"3";"80"
"202000000274";"4";"N/A";" -1";"N/A";"2";"2";"0";"2";"(1)";"(1)";"1";;" -1";"1";"0";"1";"50"
"202000000275";"4";"1";"0";"V";"2";"2";"0";"1";"0";"0";"1";;" -1";"1";"0";"1";"50"
"202000000276";"2";"5";" -1";"N/A";"2";"2";"0";"1";"(1)";"(1)";"1";;" -1";"1";"0";"1";"50"
"202000000277";"4";"N/A";" -1";"N/A";"2";"2";"0";"1";"(1)";"(1)";"1";;" -1";"1";"0";"8";"50"
"202000000278";"4";"2";"0";"N/A";"2";"2";"0";"1";"(1)";"(1)";"1";;" -1";"1";"0";"1";"80"
"202000000279";"3";"43";" -1";"N/A";"2";"2";"0";"1";"0";"770";"1";;" -1";"1";"0";"1";"80"
"202000000280";"3";"98";"0";"A";"1";"1";"0";"1";"58";"600";"1";;" -1";"1";"0";"1";"70"
"202000000281";"3";"570";" -1";"D";"2";"2";"0";"1";"14";"5";"1";;" -1";"1";"5";"1";"80"
"202000000282";"3";"38";"0";"D";"2";"2";"0";"1";"12";"300";"1";;" -1";"1";"0";"1";"70"
"202000000283";"4";"N/A";" -1";"N/A";"2";"2";"0";"1";"(1)";"(1)";"1";;" -1";"1";"0";"1";"50"
"202000000284";"3";"953";"0";"N/A";"2";"2";"0";"1";"10";"2";"1";;" -1";"1";"9";"1";"50"
"202000000285";"3";"101";" -1";"N/A";"2";"1";"0";"1";"64";"525";"1";;" -1";"1";"0";"4";"50"
"202000000286";"3";"519";"0";"N/A";"2";"2";"0";"1";"6";"700";"1";;" -1";"1";"0";"3";"80"
"202000000287";"3";"149";"0";"N/A";"2";"2";"0";"1";"(1)";"(1)";"1";;" -1";"2";"0";"1";"50"
"202000000288";"3";"16";"0";"E";"2";"2";"3";"1";"(1)";"(1)";"1";;" -1";"2";"4";"6";"30"
"202000000289";"3";"15";"0";"N/A";"2";"2";"0";"1";"21";"16";"1";;" -1";"1";"0";"1";"80"
"202000000290";"4";"206";"0";"N/A";"2";"2";"0";"1";"0";"0";"1";;" -1";"1";"0";"1";"50"
"202000000291";"3";"974";"0";"N/A";"2";"2";"0";"1";"(1)";"(1)";"1";;" -1";"1";"0";"1";"50"
"202000000292";"3";"60";" -1";"N/A";"2";"2";"0";"1";"4";"200";"1";;" -1";"1";"9";"1";"50"
"202000000293";"3";"764";"0";"N/A";"2";"2";"0";"1";"53";"900";"1";;" -1";"1";"0";"3";"80"
"202000000294";"3";"57";"0";"N/A";"2";"2";"0";"1";"9";"350";"2";;" -1";"9";"0";"3";"50"
"202000000295";"3";"121";"0";"N/A";"2";"2";"0";"1";"7";"800";"1";;" -1";"1";"0";"1";"50"
"202000000296";"3";"935";" -1";"N/A";"2";"2";"0";"1";"(1)";"(1)";"1";;" -1";"1";"0";"4";"50"
"202000000297";"4";"N/A";" -1";"N/A";"2";"2";"0";"1";"(1)";"(1)";"1";;" -1";"1";"0";"1";"50"
"202000000298";"1";"507";"0";"N/A";"1";"3";"0";"3";"5";"0";"1";;" -1";"2";"0";"1";"50"
"202000000299";"1";"A47";"0";"N/A";"3";"4";"0";"1";"24";"200";"1";;" -1";"2";"0";"1";"90"
"202000000300";"3";"RD 444";"0";"N/A";"2";"2";"0";"2";"1";"628";"3";;" -1";"1";"0";"3";"70"
"202000000301";"4";"PAYS-BAS (AVENUE DES)";"0";"N/A";"3";"2";"2";"1";"(1)";"(1)";"1";;" -1";"1";"0";"5";"50"
"202000000302";"2";"N89";"0";"N/A";"3";"4";"0";"1";"48";"680";"1";;" -1";"1";"0";"1";"90"
"202000000303";"4";"Avenue du Bourgailh";"0";"N/A";"2";"7";"2";"1";"(1)";"(1)";"1";;" -1";"1";"5";"1";"50"
"202000000304";"6";"VOIE PARKING";"0";"N/A";" -1";"0";"0";"1";"(1)";"(1)";"1";;" -1";"1";"0";"8";"20"
"202000000305";"3";"113";"0";"N/A";"2";"3";"0";"1";"4";"750";"1";;" -1";"1";"0";"1";"50"
"202000000306";"4";"CURIE PIERRE (RUE)";"0";"N/A";"2";"2";"0";"1";"0";"0";"1";;" -1";"1";"0";"1";"50"
"202000000307";"4";"SAINT THIBAULT (RUE)";"0";"N/A";"1";"1";"0";"1";"0";"0";"1";;" -1";"1";"0";"1";"50"
"202000000308";"3";"PLANCHAT (PLACE)";"0";"N/A";"2";"2";"3";"1";"1";"0";"1";;" -1";"1";"9";"6";"30"
"202000000309";"4";"STADE   RUE DU";"0";"N/A";"2";"2";"0";"1";"0";"0";"1";;" -1";"1";"0";"1";"50"
"202000000310";"4";"SARTRE   AVENUE JEAN-PAUL";"0";"N/A";"2";"2";"0";"1";"0";"0";"1";;" -1";"1";"0";"1";"50"
"202000000311";"3";"368";"0";"N/A";"2";"2";"0";"2";"6";"800";"1";;" -1";"1";"0";"1";"30"
"202000000312";"4";"N/A";"0";"N/A";"2";"2";"0";"1";"1";"0";"1";;" -1";"1";"0";"1";"50"
"202000000313";"4";"VALBARELLE (CHEMIN DE LA)";"0";"N/A";"2";"2";"0";"1";"0";"0";"1";;" -1";"1";"0";"1";"50"
"202000000314";"7";"N/A";"0";"N/A";"2";"1";"0";"1";"0";"0";"1";;"3,5";"1";"0";"1";"50"
"202000000315";"4";"HUGO (QUAI ET PASSERELLE VICTOR)";"0";"N/A";"2";"2";"0";"1";"0";"0";"1";;" -1";"1";"0";"1";"50"
"202000000316";"3";"RD 6113";"0";"N/A";"2";"2";"0";"1";"0";"0";"2";;" -1";"1";"0";"1";"80"
"202000000317";"4";"N/A";"0";"N/A";"1";"1";"0";"2";"0";"100";"3";;" -1";"1";"0";"1";"70"
"202000000318";"4";"N/A";"0";"N/A";"2";"4";"0";"4";"0";"0";"1";;" -1";"1";"0";"1";"50"
"202000000319";"4";"N/A";"0";"N/A";"2";"2";"0";"2";"0";"0";"1";;" -1";"1";"0";"1";"30"
"202000000320";"4";"N/A";"0";"N/A";"3";"4";"0";"1";"0";"0";"1";;" -1";"1";"0";"1";"50"
"202000000321";"4";"N/A";"0";"N/A";" -1";"4";"0";"2";"(1)";"0";"1";;" -1";"1";"0";"1";"50"
"202000000322";"4";"N/A";"0";"N/A";"2";"4";"0";"1";"0";"0";"1";;" -1";"1";"0";"1";"50"
"202000000323";"4";"N/A";"0";"N/A";"2";"3";"3";"1";"0";"0";"1";;" -1";"1";" -1";"6";"50"
"202000000324";"4";"N/A";"0";"N/A";"1";"2";"0";"1";"0";"0";"1";;" -1";"1";"0";"1";"50"
"202000000325";"4";"N/A";"0";"N/A";" -1";"3";"1";"1";"0";"0";"1";;" -1";"1";" -1";"5";"50"
"202000000326";"4";"N/A";"0";"N/A";"3";"2";"0";"1";"0";"0";"1";;" -1";"1";"0";"1";"50"
"202000000327";"4";"N/A";"0";"N/A";"2";"4";"0";"1";"0";"0";"1";;" -1";"1";"0";"1";"50"
"202000000328";"4";"N/A";"0";"N/A";"2";"2";"0";"1";"0";"0";"1";;" -1";"1";"0";"1";"50"
"202000000329";"4";"N/A";"0";"N/A";"1";"5";"0";"1";"0";"0";"1";;" -1";"1";"0";"1";"50"
"202000000330";"4";"N/A";"0";"N/A";"3";"8";"0";"1";"34";"0";"1";;" -1";"1";"0";"1";"70"
"202000000331";"4";"N/A";"0";"N/A";"1";"1";"0";"1";"0";"0";"1";;" -1";"1";"0";"1";"50"
"202000000332";"4";"N/A";"0";"N/A";"1";"2";"0";"1";"(1)";"0";"1";;" -1";"1";"0";"1";"50"
"202000000333";"4";"N/A";"0";"N/A";"1";"2";"0";"2";"(1)";"0";"1";;" -1";"1";"0";"1";"30"
"202000000334";"4";"N/A";"0";"N/A";"1";"3";"1";"1";"0";"0";"1";;" -1";"1";" -1";"5";"50"
"202000000335";"4";"N/A";"0";"N/A";"2";"6";"0";"1";"0";"0";"1";;" -1";"1";"0";"1";"50"
"202000000336";"4";"N/A";"0";"N/A";"1";"4";"0";"1";"0";"0";"1";;" -1";"1";"0";"1";"50"
"202000000337";"4";"GEORGES MEDERIC (R)";"0";"N/A";"2";"3";"0";"1";"0";"1";"1";;" -1";"1";"0";"1";"50"
"202000000338";"4";"METALLURGIE (AVENUE)";"0";"N/A";"2";"2";"0";"1";"0";"1";"1";;" -1";"1";"0";"1";"50"
"202000000339";"3";"902";"0";"N/A";" -1";" -1";"0";"1";"0";"1";"1";;" -1";"1";"9";"8";"10"
"202000000340";"4";"GRANDS PECHERS (RUE DES)";"0";"N/A";"1";"1";"0";"1";"0";"0";"1";;" -1";"1";"0";"1";"50"
"202000000341";"3";"37";"0";"N/A";"2";"2";"0";"1";"1";"0";"1";;" -1";"1";"0";"8";"50"
"202000000342";"3";"WILSON (AV. DU PRESIDENT) 62 A 129";"0";"N/A";"1";"1";"0";"1";"0";"1";"1";;" -1";"1";"5";"1";"30"
"202000000343";"3";"115";"0";"N/A";"2";"2";"0";"1";"0";"1";"1";;" -1";"1";"0";"1";"50"
"202000000344";"3";"44";"0";"N/A";"3";"4";"0";"1";"0";"1";"1";;" -1";"1";"0";"1";"50"
"202000000345";"4";"N/A";"0";"N/A";"1";"1";"0";"1";"0";"0";"1";;" -1";"1";"0";"1";"50"
"202000000346";"3";"986";"0";"N/A";" -1";"2";"0";"1";"0";"0";"1";;" -1";"1";"0";"1";"30"
"202000000347";"4";"CHARLES DE GAULLE (AV) ";"0";"N/A";"1";"4";"0";"1";"0";"0";"1";;" -1";"1";"0";"1";"50"
"202000000348";"4";"PARMENTIER (RUE)";"0";"N/A";"1";"1";"0";"1";"0";"0";"1";;" -1";"1";"0";"1";"30"
"202000000349";"3";"612";" -1";"N/A";"2";"2";"0";"1";"64";"876";"1";;" -1";"1";"0";"1";"50"
"202000000350";"3";"4";"0";"N/A";"2";"2";"0";"1";"9";"0";"1";;" -1";"1";"0";"1";"80"
"202000000351";"3";"100";" -1";"N/A";"2";"2";"0";"1";"10";"830";"2";;" -1";"1";"0";"1";"50"
"202000000352";"4";"N/A";"0";"N/A";"2";"2";"0";"1";"(1)";"(1)";"1";;" -1";"1";"5";"3";"50"
"202000000353";"3";"0";"0";"F";"2";"2";"0";"1";"50";"6";"1";;" -1";"1";"0";"8";"50"
"202000000354";"3";"128";" -1";"N/A";"2";"2";"0";"2";"7";"200";"1";;"7";"1";"0";"1";"80"
"202000000355";"3";"310 route de la Sizeranne ";"0";"N/A";"2";"2";"0";"2";"6";"250";"1";;" -1";"1";"0";"1";"50"
"202000000356";"3";"D46A1";" -1";"N/A";" -1";"2";"0";"2";"1";"370";"2";;" -1";"1";"0";"3";"50"
"202000000357";"3";"790";" -1";"N/A";"2";"2";"0";"1";"15";"500";"1";;" -1";"1";"0";"3";"80"
"202000000358";"3";"4";"0";"D";"2";"2";"0";"1";"37";"200";"1";;" -1";"1";"0";"1";"80"
"202000000359";"3";"1508";" -1";"N/A";"2";"3";"0";"1";"45";"800";"1";;" -1";"1";"5";"1";"50"
"202000000360";"3";"5";" -1";"N/A";"2";"2";"0";"1";"33";"300";"1";;" -1";"1";"0";"1";"80"
"202000000361";"4";"VC";" -1";"N/A";"2";"2";"0";"2";"(1)";"(1)";"4";;" -1";"1";"0";"1";"80"
"202000000362";"4";"N/A";"0";"N/A";"2";"2";"0";"2";"(1)";"(1)";"3";;"4";"1";"0";"3";" -1"
"202000000363";"4";"4";" -1";"N/A";"2";"2";"0";"2";"0";"0";"1";;" -1";"1";"0";"3";"80"
"202000000364";"3";"627";" -1";"N/A";"2";"2";"1";"1";"49";"246";"2";;" -1";"1";"0";"3";"80"
"202000000365";"3";"77";"0";"N/A";"2";"2";"0";"1";"5";"751";"1";;" -1";"1";"0";"1";"80"
"202000000366";"3";"73";"0";"A";"2";"2";"0";"1";"0";"500";"1";;" -1";"1";"0";"1";"50"
"202000000367";"3";"8";" -1";"D";"2";"2";"0";"1";"36";"200";"1";;" -1";"1";"0";"1";"50"
"202000000368";"3";"105";"0";"N/A";"2";"2";"0";"2";"25";"98";"2";;" -1";"1";"0";"1";"80"
"202000000369";"3";"15";" -1";"N/A";"2";"2";"0";"1";"10";"200";"1";;"5,5";"1";"0";"3";"80"
"202000000370";"4";"ROUTE DES ALLARDS";"0";"N/A";"2";"2";"0";"2";"(1)";"(1)";"1";;" -1";"1";"0";"1";"50"
"202000000371";"3";"4";"0";"N/A";"2";"2";"0";"1";"14";"100";"2";;" -1";"1";"0";"1";"50"
"202000000372";"3";"619";" -1";"N/A";"2";"2";"0";"1";"70";"750";"1";;" -1";"1";"0";"3";"80"
"202000000373";"3";"20";" -1";"N/A";"2";"2";"0";"2";"0";"500";"1";;" -1";"1";"0";"1";"50"
"202000000374";"1";"49";"0";"N/A";"3";"2";"0";"1";"31";"900";"1";;"10";"1";"0";"3";"130"
"202000000375";"1";"2";" -1";"N/A";"3";"4";"0";"1";"8";"705";"1";;" -1";"1";"2";"1";"110"
"202000000376";"7";"M263";"0";"N/A";"2";"2";"0";"1";"(1)";"(1)";"1";;" -1";"1";"0";"1";"50"
"202000000377";"1";"62";"0";"A";"1";"2";"0";"1";"192";"200";"3";;" -1";"1";"0";"2";"50"
"202000000378";"1";"9";"0";"N/A";"3";"3";"0";"1";"161";"300";"1";;"13,5";"1";"0";"1";"130"
"202000000379";"4";"N/A";" -1";"N/A";"3";"2";"0";"1";"(1)";"(1)";"1";;"4";"1";"0";"1";"30"
"202000000380";"3";"91";"0";"N/A";"2";"2";"0";"2";"16";"950";"4";;" -1";"1";"0";"1";"80"
"202000000381";"3";"39";"0";"D";"2";"2";"0";"1";"(1)";"(1)";"2";;" -1";"1";"0";"1";"80"
"202000000382";"3";"2";"0";"N/A";"2";"2";"0";"1";"33";"392";"1";;"6";"1";"0";"1";"50"
"202000000383";"3";"113";" -1";"N/A";"2";"2";"0";"2";"3";"400";"3";;" -1";"1";"0";"8";"80"
"202000000384";"3";"52";" -1";"N/A";"2";"2";"0";"2";"(1)";"(1)";"1";;" -1";"1";"5";"1";"80"
"202000000385";"3";"33";" -1";"N/A";"2";"2";"0";"2";"6";"0";"1";;" -1";"1";"0";"3";"80"
"202000000386";"3";"RD1201";"0";"N/A";"2";"2";"0";"1";"52";"900";"1";;" -1";"1";"0";"1";"50"
"202000000387";"3";"160";" -1";"N/A";"3";"4";"0";"1";"80";"700";"1";;" -1";"1";"0";"1";"110"
"202000000388";"7";"178";" -1";"A";"2";"2";"0";"1";"2";"100";"2";;" -1";"2";"0";"1";"70"
"202000000389";"4";"N/A";"0";"N/A";"2";"2";"0";"1";"0";"0";"3";;" -1";"1";"0";"1";"80"
"202000000390";"3";"N/A";" -1";"N/A";" -1";"2";"0";"1";"(1)";"(1)";"3";;" -1";"1";"0";"1";"50"
"202000000391";"3";"54";" -1";"D";"2";"2";"0";"1";"(1)";"(1)";"1";;" -1";"1";"0";"1";"80"
"202000000392";"3";"568";"0";"N/A";"1";"1";"0";"2";"27";"250";"3";;" -1";"1";"0";"1";"90"
"202000000393";"7";"7";"0";"N/A";"1";"3";"0";"1";"1";"799";"1";;"9";"1";"0";"1";"70"
"202000000394";"1";"ROCADE A 630";"0";"N/A";"3";"4";"0";"1";"11";"409";"1";;" -1";"1";"2";"1";"90"
"202000000395";"1";"1";"0";"N/A";"3";"2";"0";"1";"207";"800";"1";;"10";"1";"0";"1";"70"
"202000000396";"2";"RN 104";"0";"N/A";"1";"4";"0";"1";"52";"200";"1";;" -1";"1";"0";"1";"110"
"202000000397";"1";"AUTOROUTE A6A";"0";"N/A";"1";"3";"0";"1";"4";"199";"1";;" -1";"1";"0";"2";"90"
"202000000398";"1";"13";"0";"N/A";"3";"3";"0";"1";"6";"699";"1";;"10,5";"1";"0";"1";"110"
"202000000399";"1";"A13";"0";"N/A";"3";"4";"0";"1";"17";"799";"1";;" -1";"1";"0";"1";"110"
"202000000400";"1";"AUTOROUTE A104";"0";"N/A";"3";"7";"0";"1";"2";"0";"1";;" -1";"1";"0";"1";"110"
"202000000401";"1";"115";"0";"N/A";"3";"6";"0";"1";"1";"200";"3";;" -1";"1";"0";"1";"90"
"202000000402";"1";"AUTOROUTE A86";"0";"N/A";"3";"8";"0";"1";"26";"899";"1";;" -1";"1";"0";"1";"90"
"202000000403";"1";"A86 INT";"0";"N/A";"3";"4";"0";"1";"36";"500";"1";;" -1";"1";"0";"1";"90"
"202000000404";"4";"396";"0";"N/A";"2";"2";"0";"3";"0";"0";"3";;" -1";"1";"5";"1";"50"
"202000000405";"1";"1";"0";"N/A";"3";"4";"0";"1";"0";"572";"1";;" -1";"1";"5";"1";"50"
"202000000406";"3";"RN02";"0";"N/A";"3";"4";"0";"2";"121";"800";"3";;" -1";"1";"2";"1";"90"
"202000000407";"4";"CHALLEMEL LACOUR                    (R )";"0";"N/A";"3";"1";"0";"1";"0";"0";"1";;" -1";"1";"0";"1";"50"
"202000000408";"4";"MARTYRS DE LA RESISTANCE (DES)      (AV)";"0";"N/A";"2";"2";"0";"2";"(1)";"(1)";"3";;" -1";"1";"0";"1";"50"
"202000000409";"4";"GARIBALDI                           (R )";"0";"N/A";"1";"4";"3";"1";"0";"0";"1";;" -1";"1";"0";"6";"50"
"202000000410";"4";"VIENNE (DE)                         (RO)";"0";"N/A";"2";"3";"3";"1";"0";"0";"1";;" -1";"1";"0";"1";"50"
"202000000411";"4";"LYONNAIS (DU)                           ";"0";"N/A";"2";"4";"0";"2";"0";"0";"3";;" -1";"1";"5";"1";"50"
"202000000412";"1";"AUTOROUTE A1";"0";"N/A";"1";"3";"0";"1";"1";"0";"1";;" -1";"1";"0";"1";"90"
"202000000413";"4";"MARIETTON                           (R )";"0";"N/A";"2";"2";"3";"1";"0";"1";"1";;" -1";"1";"0";"1";"50"
"202000000414";"3";"48 E";"0";"N/A";"2";"2";"0";"1";"0";"0";"1";;" -1";"1";"9";"1";"50"
"202000000415";"4";"JEAN MOULIN                         (QU)";"0";"N/A";"1";"3";"3";"1";"0";"1";"1";;" -1";"1";"0";"1";"50"
"202000000416";"2";"11 - RT";"0";"N/A";"3";"5";"0";"1";"(1)";"(1)";"1";;" -1";"1";"5";"1";"50"
"202000000417";"3";"503";"0";"N/A";"2";"1";"0";"2";"0";"950";"1";;" -1";"1";"0";"1";"50"
"202000000418";"2";"21";"0";"N/A";"2";"3";"3";"1";"1";"920";"1";;" -1";"1";"0";"1";"50"
"202000000419";"4";"CONCY(RUE)";"0";"N/A";"2";"2";"0";"1";"0";"100";"1";;" -1";"1";"0";"1";"50"
"202000000420";"4";"LIEUTENANT COLONEL BIZEUIL (AVENUE DU)";"0";"N/A";"2";"2";"0";"1";"0";"0";"1";;" -1";"1";"6";"1";"50"
"202000000421";"2";"ARC DE TRIOMPHE (AVENUE DE L')";"0";"N/A";"2";"0";"0";"1";"0";"0";"1";;" -1";"1";"5";"8";"50"
"202000000422";"4";"ROCH (RUE MADELEINE)";"0";"N/A";"2";"2";"0";"2";"0";"0";"3";;" -1";"1";"0";"1";"50"
"202000000423";"4";"N/A";"0";"N/A";"1";"3";"0";"1";"0";"0";"1";;" -1";"1";"9";"1";"50"
"202000000424";"3";"NC";"0";"N/A";"2";"2";"0";"2";"131";"750";"3";;" -1";"1";"0";"1";"50"
"202000000425";"4";"N/A";"0";"N/A";"1";"2";"0";"1";"0";"0";"1";;" -1";"1";"0";"1";"50"
"202000000426";"3";"606";"0";"N/A";"2";"4";"0";"1";"37";"407";"1";;" -1";"1";"8";"1";"90"
"202000000427";"3";"INDUSTRIEL. BOULEVARD (CD 18E)";"0";"N/A";"3";"4";"0";"1";"3";"700";"1";;" -1";"1";"0";"1";"90"
"202000000428";"3";"MARQUISATS (AVENUE DES)";"0";"N/A";"2";"2";"2";"1";"42";"50";"1";;" -1";"1";"0";"1";"50"
"202000000429";"3";"906";"0";"N/A";"2";"3";"0";"1";"70";"86";"2";;" -1";"1";"0";"1";"90"
"202000000430";"3";"AUTOROUTE A 36";"0";"N/A";"1";"2";"0";"1";"(1)";"(1)";"1";;" -1";"1";"0";"1";"110"
"202000000431";"4";"HOFER (RUE JOSUE)";"0";"N/A";"2";"2";"1";"1";"(1)";"(1)";"1";;" -1";"1";"0";"1";"50"
"202000000432";"3";"1ERE ARMEE FRANCAISE (RUE DE LA)";"0";"N/A";"2";"2";"0";"1";"2";"3050";"1";;" -1";"2";"0";"1";"50"
"202000000433";"4";"GAUGUIN (AVENUE PAUL)";"0";"N/A";"2";"2";"0";"1";"0";"0";"1";;" -1";"1";"0";"1";"50"
"202000000434";"4";"FRANCE LIBRE (BOULEVARD DE LA)";"0";"N/A";"1";"1";"0";"1";"0";"0";"2";;" -1";"1";"0";"1";"50"
"202000000435";"3";"258";"0";"N/A";"2";"2";"0";"1";"0";"125";"1";;" -1";"1";"0";"1";"50"
"202000000436";"4";"N/A";"0";"N/A";"2";"3";"0";"1";"(1)";"(1)";"1";;" -1";"1";"0";"1";"50"
"202000000437";"4";"N/A";"0";"N/A";"2";"2";"0";"2";"0";"0";"2";;" -1";"1";"0";"1";"50"
"202000000438";"4";"N/A";"0";"N/A";"2";"2";"0";"1";"0";"0";"1";;" -1";"1";"0";"1";"50"
"202000000439";"7";"402";"0";"N/A";"2";"2";"0";"1";"(1)";"(1)";"1";;" -1";"1";"0";"3";"70"
"202000000440";"7";"5";"0";"N/A";"2";"2";"0";"1";"(1)";"(1)";"1";;" -1";"1";"0";"1";"50"
"202000000441";"3";"939";"0";"N/A";"2";"2";"0";"1";"3";"182";"1";;" -1";"1";"5";"8";"50"
"202000000442";"4";"MARQUAGE (CHE DU)";"0";"N/A";"3";"1";"0";"1";"0";"0";"1";;" -1";"1";"6";"6";"50"
"202000000443";"4";"SOISSONS (DE)";"0";"N/A";"2";"1";"1";"1";"1";"0";"1";;" -1";"1";"0";"1";"50"
"202000000444";"4";"TAILLES";"0";"N/A";"2";"2";"0";"1";"0";"0";"1";;" -1";"1";"0";"1";"50"
"202000000445";"3";"D 952 A";"0";"N/A";"2";"2";"1";"1";"0";"0";"3";;" -1";"1";"0";"1";"50"
"202000000446";"4";"JOFFRE (MARECHAL)L";"0";"N/A";"4";"2";"0";"3";"0";"0";"1";;" -1";"1";"9";"1";"50"
"202000000447";"4";"BD ANTOINE LAVOISIER";"0";"N/A";"2";"2";"0";"1";"0";"0";"1";;" -1";"1";"0";"1";"50"
"202000000448";"4";"N/A";"0";"N/A";"1";"1";"0";"1";"(1)";"(1)";"3";;" -1";"1";"6";"1";"50"
"202000000449";"4";"LUMIERE (AVENUE LOUIS)";"0";"N/A";"2";"2";"0";"1";"0";"0";"2";;" -1";"1";"5";"1";"50"
"202000000450";"4";"PARMENTIER";"0";"N/A";"2";"2";"0";"1";"0";"0";"1";;" -1";"1";"0";"1";"90"
"202000000451";"4";"GIRAUDOUX (RUE JEAN)";"0";"N/A";"2";"2";"0";"1";"0";"0";"1";;" -1";"1";"0";"1";"30"
"202000000452";"4";"PHILIPPE (RUE SAINT-)";"0";"N/A";"1";"1";"0";"1";"0";"0";"1";;" -1";"1";"0";"1";"1"
"202000000453";"2";"0001";"0";"N/A";"1";"2";"2";"1";"3";"600";"1";;" -1";"1";"0";"5";"90"
"202000000454";"3";"0017";"0";"N/A";"2";"1";"0";"1";"0";"300";"1";;" -1";"1";"0";"1";"500"
"202000000455";"4";"LIBERTE (AVENUE DE LA)";"0";"N/A";"1";"1";"0";"1";"0";"0";"1";;" -1";"1";"0";"1";"50"
"202000000456";"4";"N/A";"0";"N/A";"2";"4";"1";"1";"0";"0";"1";;" -1";"1";"0";"1";"50"
"202000000457";"4";"N/A";"0";"N/A";"1";"3";"0";"1";"0";"0";"1";;" -1";"1";"5";"8";"50"
"202000000458";"4";"24 MARS 1961 (RUE DU)";"0";"N/A";"2";"2";"0";"1";"(1)";"(1)";"1";;" -1";"1";"9";"8";"50"
"202000000459";"2";"2";"0";"N/A";"1";"2";"0";"1";"0";"50";"1";;" -1";"1";"0";"1";"50"
"202000000460";"7";"6";"0";"N/A";"1";"2";"0";"2";"0";"1";"2";;" -1";"1";"3";"1";"50"
"202000000461";"4";"BAS DU FORT";"0";"N/A";"2";"2";"0";"1";"0";"0";"2";;" -1";"2";"0";"1";"50"
"202000000462";"2";"21";"0";"N/A";"2";"3";"0";"1";"1";"280";"3";;" -1";"1";"0";"1";"30"
"202000000463";"3";"25";"0";"E";"2";"2";"0";"1";"0";"0";"1";;" -1";"2";"0";"1";"50"
"202000000464";"4";"PERRIN (RUE FRANCOIS)";"0";"N/A";"2";"2";"0";"1";"0";"0";"1";;" -1";"2";"0";"1";"50"
"202000000465";"4";"SABLARD (AVENUE DE)";"0";"N/A";"4";"3";"0";"1";"(1)";"(1)";"1";;" -1";"1";"2";"1";"50"
"202000000466";"4";"MONTJOVIS (AVENUE)";"0";"N/A";"2";"2";"0";"1";"0";"0";"1";;" -1";"1";"0";"1";"50"
"202000000467";"4";"NC";"0";"N/A";"1";"1";"0";"2";"0";"0";"1";;" -1";"1";"0";"1";"50"
"202000000468";"3";"1001";"0";"N/A";"2";"2";"0";"1";"(1)";"(1)";"1";;" -1";"1";"0";"1";"50"
"202000000469";"3";"648";"0";"N/A";"2";"2";"1";"2";"5";"805";"1";;" -1";"1";"5";"1";"50"
"202000000470";"3";"406";"0";"N/A";"2";"2";"0";"1";"5";"665";"1";;" -1";"1";"0";"1";"50"
"202000000471";"4";"MARITIME. BOULEVARD";"0";"N/A";"2";"2";"0";"1";"0";"0";"1";;" -1";"1";"0";"1";"80"
"202000000472";"4";"FRISSARD (QUAI)";"0";"N/A";"2";"2";"0";"1";"(1)";"(1)";"1";;" -1";"1";"0";"1";"50"
"202000000473";"4";"N/A";"0";"N/A";"1";"1";"0";"2";"1";"0";"1";;" -1";"1";"0";"1";"30"
"202000000474";"3";"906";"0";"N/A";"1";"2";"0";"1";"75";"50";"2";;" -1";"1";"0";"1";"50"
"202000000475";"4";"N/A";"0";"N/A";"2";"5";"0";"1";"0";"0";"1";;" -1";"1";"0";"1";"50"
"202000000476";"4";"N/A";"0";"N/A";"2";"2";"0";"1";"0";"0";"1";;" -1";"2";"5";"1";"50"
"202000000477";"4";"N/A";"0";"N/A";"2";"2";"0";"2";"0";"0";"1";;" -1";"1";"0";"1";"50"
"202000000478";"4";"FAUBOURG DE PIERRE (PONT DU)";"0";"N/A";"2";"3";"0";"1";"0";"0";"1";;" -1";"1";"2";"1";"30"
"202000000479";"4";"MARANSIN (CHAUSSEE)";"0";"N/A";"3";"2";"0";"1";"(1)";"(1)";"1";;" -1";"1";"0";"1";"50"
"202000000480";"4";"GLIZE (RUE RAYMOND ET MARCEL)";"0";"N/A";"1";"1";"0";"4";"0";"0";"3";;" -1";"1";"0";"4";"50"
"202000000481";"7";"CHARTOIRE (BD LOUIS)";"0";"N/A";"4";"0";"0";"1";"(1)";"(1)";"2";;" -1";"2";"0";"1";"50"
"202000000482";"3";"937";"0";"N/A";"2";"2";"0";"1";"19";"940";"1";;" -1";"1";"0";"1";"50"
"202000000483";"4";"N/A";"0";"N/A";"2";"1";"0";"2";"0";"0";"1";;" -1";"2";"5";"1";"50"
"202000000484";"3";"320";"0";"A";"3";"2";"0";"1";"0";"596";"2";;" -1";"1";"0";"1";"80"
"202000000485";"4";"RUE DES FUSILLES ";"0";"N/A";"2";"2";"0";"1";"0";"0";"1";;" -1";"1";"0";"1";"50"
"202000000486";"4";"N/A";"0";"N/A";"1";"1";"0";"1";"0";"0";"1";;" -1";"1";"0";"1";"30"
"202000000487";"4";"PARIS (AVENUE DE)";"0";"N/A";"2";"3";"0";"2";"0";"0";"1";;" -1";"2";"0";"1";"50"
"202000000488";"4";"CESSART (PONT)";"0";"N/A";" -1";"2";"0";"1";"0";"0";"1";;" -1";"1";"8";"1";"50"
"202000000489";"4";"CARNOT (BD DU PRESIDENT)";"0";"N/A";"2";"2";"0";"1";"0";"0";"1";;" -1";"1";"0";"1";"30"
"202000000490";"4";"N/A";"0";"N/A";"3";"0";"1";"1";"(1)";"(1)";"2";;" -1";"1";"0";"1";"50"
"202000000491";"4";"N/A";"0";"N/A";"2";"0";"0";"1";"(1)";"(1)";"1";;" -1";"1";"0";"1";"30"
"202000000492";"4";"N/A";"0";"N/A";"1";"1";"0";"2";"(1)";"(1)";"1";;" -1";"1";"0";"1";"50"
"202000000493";"3";"1087";"0";"N/A";"2";"7";"0";"1";"2";"125";"1";;" -1";"1";"0";"1";"50"
"202000000494";"3";"1006";"0";"N/A";"1";"2";"0";"1";"18";"750";"1";;" -1";"1";"0";"1";"50"
"202000000495";"3";"140";"0";"N/A";"2";"4";"0";"1";"(1)";"(1)";"1";;" -1";"1";"9";"1";"50"
"202000000496";"4";"N/A";"0";"N/A";"1";"1";"0";"1";"0";"0";"1";;" -1";"1";"0";"1";"30"
"202000000497";"4";"N/A";"0";"N/A";" -1";"1";"0";"1";"0";"0";"1";;" -1";"1";"5";"1";"50"
"202000000498";"4";"ALL DE LOS ANGELES";"0";"N/A";"2";"2";"0";"1";"(1)";"(1)";"3";;" -1";"1";"0";"6";"50"
"202000000499";"4";"PALUE (CH. DE LA)";"0";"N/A";"2";"2";"0";"1";"(1)";"(1)";"2";;" -1";"1";"0";"1";"50"
"202000000500";"3";"IRENEE DAVID";"0";"N/A";"1";"1";"0";"1";"0";"0";"1";;" -1";"8";"0";"1";"50"
"202000000501";"4";"RUE LOUBIAGUE";"0";"N/A";"1";"1";"0";"1";"0";"0";"1";;" -1";"1";"0";"1";"50"
"202000000502";"1";"620";"0";"N/A";"3";"3";"3";"1";"14";"5";"1";;" -1";"1";"0";"1";"90"
"202000000503";"4";"AV JULES JULIEN";"0";"N/A";"1";"0";"0";"1";"0";"0";"1";;" -1";"1";"0";"1";"50"
"202000000504";"4";"Rue de Champagne";"0";"N/A";"2";"2";"0";"1";"0";"0";"1";;" -1";"1";"5";"1";"50"
"202000000505";"3";"CANAL(ROND POINT DU)";"0";"N/A";"1";"1";"0";"1";"(1)";"(1)";"1";;" -1";"1";"0";"1";"50"
"202000000506";"3";"6155";"0";"N/A";"2";"2";"0";"2";"3";"460";"1";;" -1";"1";"0";"1";"80"
"202000000507";"4";"FOCH (RUE DU ML)";"0";"N/A";"2";"2";"0";"1";"1";"0";"1";;" -1";"1";"6";"1";"50"
"202000000508";"3";"700";"0";"N/A";"1";"1";"0";"1";"48";"0";"2";;" -1";"1";"0";"1";"50"
"202000000509";"3";"DENFERT ROCHEREAU RUE";"0";"N/A";"2";"2";"0";"1";"35";"812";"1";;" -1";"1";"0";"1";"30"
"202000000510";"4";"N/A";"0";"N/A";"2";"2";"0";"1";"1";"0";"1";;" -1";"1";"0";"1";"50"
"202000000511";"3";"9";"0";"N/A";"2";"2";"0";"1";"1";"100";"1";;" -1";"1";"3";"1";"50"
"202000000512";"4";"N/A";"0";"N/A";"1";"2";"0";"1";"0";"0";"1";;" -1";"1";"0";"1";"50"
"202000000513";"4";"1";"0";"N/A";"2";"2";"0";"1";"0";"0";"1";;" -1";"1";"0";"1";"50"
"202000000514";"7";"MARECHAL FOCH (AVENUE)";"0";"N/A";"2";"1";"0";"1";"0";"0";"1";;" -1";"1";"0";"1";"30"
"202000000515";"3";"rue Jean Jaurès";"0";"N/A";"2";"2";"0";"1";"3";"132";"1";;" -1";"1";"0";"1";"50"
"202000000516";"4";"N/A";"0";"N/A";"1";"4";"0";"1";"25";"900";"2";;" -1";"1";"0";"1";"70"
"202000000517";"4";"N/A";"0";"N/A";"2";"3";"0";"1";"0";"0";"1";;" -1";"1";"0";"1";"50"
"202000000518";"4";"N/A";"0";"N/A";"2";"2";"0";"1";"0";"0";"1";;" -1";"1";"9";"1";"50"
"202000000519";"4";"N/A";"0";"N/A";"2";"2";"0";"1";"(1)";"(1)";"1";;" -1";"1";"0";"1";"50"
"202000000520";"4";"N/A";"0";"N/A";"4";"5";"0";"2";"0";"0";"1";;" -1";"1";"0";"1";"50"
"202000000521";"4";"N/A";"0";"N/A";"1";"2";"0";"1";"0";"0";"2";;" -1";"1";"0";"1";"50"
"202000000522";"4";"N/A";"0";"N/A";"1";"2";"0";"2";"0";"0";"1";;" -1";"1";"0";"1";"50"
"202000000523";"4";"N/A";"0";"N/A";"1";"4";"1";"2";"0";"0";"1";;" -1";"1";" -1";"5";"50"
"202000000524";"4";"N/A";"0";"N/A";"1";"1";"0";"1";"0";"0";"1";;" -1";"1";"0";"1";"30"
"202000000525";"4";"N/A";"0";"N/A";"1";"2";"0";"1";"0";"0";"1";;" -1";"1";"0";"1";"50"
"202000000526";"4";"N/A";"0";"N/A";"2";"2";"1";"1";"0";"0";"1";;" -1";"1";" -1";"5";"50"
"202000000527";"4";"N/A";"0";"N/A";"2";"2";"0";"1";"0";"0";"1";;" -1";"1";"0";"1";"50"
"202000000528";"4";"N/A";"0";"N/A";"1";"1";"1";"1";"0";"0";"1";;" -1";"1";" -1";"5";"30"
"202000000529";"4";"N/A";"0";"N/A";"1";"1";"1";"2";"0";"0";"1";;" -1";"1";" -1";"5";"50"
"202000000530";"4";"GAMBETTA (R)";"0";"N/A";" -1";"2";"0";"1";"0";"1";"1";;" -1";"1";"0";"4";"50"
"202000000531";"3";"6";"0";"N/A";"2";"4";"0";"1";"0";"1";"1";;" -1";"1";"0";"1";"50"
"202000000532";"3";"7";"0";"N/A";"2";"0";"1";"1";"(1)";"(1)";"1";;" -1";"1";"9";"5";"50"
"202000000533";"4";"VERDUN (R DE)";"0";"N/A";"2";"2";"0";"1";"0";"0";"1";;" -1";"1";"0";"1";"50"
"202000000534";"3";"901";"0";"N/A";"2";"4";"0";"1";"0";"1";"1";;" -1";"1";"0";"1";"50"
"202000000535";"3";"902";" -1";"N/A";"2";"2";" -1";"1";"0";"1";"1";;" -1";"1";"0";"1";"50"
"202000000536";"4";"N/A";"0";"N/A";"1";"1";" -1";"1";"0";"0";"1";;" -1";" -1";"0";"1";"50"
"202000000537";"3";"MONTREUIL A CLAYE (RUE DE)";"0";"N/A";" -1";"2";"1";"1";"0";"0";"1";;" -1";"1";"0";"1";"50"
"202000000538";"3";"902";"0";"N/A";"2";"2";"0";"1";"0";"1";"1";;" -1";"1";"0";"1";"50"
"202000000539";"4";"N/A";"0";"N/A";"2";"2";"0";"1";"0";"0";"1";;" -1";"1";"0";"1";"50"
"202000000540";"3";"933";"0";"N/A";"2";"4";"0";"1";"1";"1";"1";;" -1";"1";"0";"1";"50"
"202000000541";"3";"902";"0";"N/A";"2";"2";"0";"1";"1";"1";"1";;" -1";"1";"0";"4";"50"
"202000000542";"3";"CONVENTION (RUE DE LA)";"0";"N/A";"3";"4";"3";"1";"0";"1";"1";;" -1";"1";"0";"1";"50"
"202000000543";"3";"SALENGRO (AVENUE ROGER)";"0";"N/A";"1";"3";"0";"1";"0";"1";"1";;" -1";"1";"0";"1";"50"
"202000000544";"3";"114";"0";"N/A";"1";"2";"0";"1";"0";"1";"1";;" -1";"1";"0";"1";"50"
"202000000545";"4";"VERRERIE (RUE DE LA)";"0";"N/A";"2";"3";"0";"1";"0";"0";"1";;" -1";"1";"0";"1";"50"
"202000000546";"4";"FERDINAND BUISSON (RUE)";"0";"N/A";" -1";"1";"0";"1";"0";"0";"1";;" -1";"1";"0";"1";"50"
"202000000547";"4";"JEAN JAURES (RUE) (1/33)";"0";"N/A";"2";"2";"0";"1";"0";"0";"1";;" -1";"1";"0";"1";"50"
"202000000548";"4";"NATIONALE (RUE) 1/37 - 2/30BIS";"0";"N/A";"1";"1";"1";"1";"0";"0";"1";;" -1";"1";"0";"1";"50"
"202000000549";"3";"50";"0";"N/A";"3";"2";"0";"1";"0";"0";"1";;" -1";"1";"0";"4";"50"
"202000000550";"3";"909";"0";"N/A";"2";"2";"0";"1";"0";"0";"1";;" -1";"1";"0";"1";"50"
"202000000551";"3";"935";" -1";"N/A";"2";"2";"0";"1";"(1)";"(1)";"3";;" -1";"1";"0";"4";"50"
"202000000552";"2";"3";"0";"N/A";"3";"2";"0";"1";"(1)";"(1)";"2";;" -1";"1";"0";"1";"50"
"202000000553";"3";"422";" -1";"N/A";"2";"2";"2";"1";"2";"600";"3";;" -1";"1";"5";"1";"50"
"202000000554";"3";"18";" -1";"N/A";"2";"2";"0";"1";"49";"500";"3";;" -1";"2";"0";"1";"70"
"202000000555";"3";"98";"0";"D";"2";"2";"0";"2";"36";"300";"3";;" -1";"1";"0";"3";"80"
"202000000556";"3";"200";" -1";"N/A";"2";"2";"0";"2";"3";"420";"4";;" -1";"1";"0";"1";"80"
"202000000557";"3";"3";" -1";"N/A";"2";"2";"0";"1";"25";"(1)";"1";;" -1";"1";"0";"1";"70"
"202000000558";"3";"338";" -1";"N/A";"2";"2";"0";"1";"2";"800";"3";;" -1";"1";"0";"3";"80"
"202000000559";"3";"42";" -1";"N/A";"2";"2";"0";"1";"13";"380";"3";;" -1";"1";"0";"1";"80"
"202000000560";"3";"78";" -1";"N/A";"2";"2";"0";"1";"17";"950";"1";;" -1";"1";"0";"3";"80"
"202000000561";"3";"171";" -1";"N/A";"2";"1";"0";"1";"7";"5";"2";;" -1";"1";"0";"3";"80"
"202000000562";"3";"70";"0";"N/A";"2";"2";"0";"2";"6";"750";"1";;" -1";"1";"0";"1";"80"
"202000000563";"3";"609";"0";"N/A";"2";"2";"0";"1";"34";"450";"1";;" -1";"1";"0";"1";"90"
"202000000564";"3";"2";"0";"N/A";"2";"2";"0";"1";"22";"400";"1";;" -1";"1";"0";"3";"80"
"202000000565";"4";"0";"0";"A";"2";"2";"0";"2";"0";"0";"1";;" -1";"1";"0";"1";"50"
"202000000566";"3";"9";" -1";"N/A";"2";"2";"0";"2";"21";"300";"1";;" -1";"1";"0";"3";"80"
"202000000567";"4";"N/A";" -1";"N/A";"2";"2";"0";"2";"(1)";"(1)";"1";;" -1";"6";"0";"1";"80"
"202000000568";"3";"123";"0";"E";"2";"2";"0";"1";"(1)";"(1)";"2";;" -1";"1";"0";"1";"80"
"202000000569";"3";"123";" -1";"N/A";"2";"2";"0";"1";"26";"980";"1";;" -1";"1";"0";"1";"80"
"202000000570";"3";"120";"0";"N/A";"2";"2";"0";"1";"(1)";"(1)";"1";;" -1";"1";"0";"1";"80"
"202000000571";"9";"N/A";" -1";"N/A";"1";"1";"0";"1";"(1)";"(1)";"1";;" -1";"1";"0";"1";"30"
"202000000572";"3";"736";"0";"N/A";"2";"2";"0";"2";"27";"35";"1";"0";"4,4";"1";"0";"1";"90"
"202000000573";"3";"2";"0";"I";"2";"2";"0";"1";"(1)";"(1)";"3";;" -1";"2";"0";"3";"80"
"202000000574";"3";"933";" -1";"N/A";"2";"2";"0";"1";"8";"300";"1";;" -1";"1";"9";"1";"80"
"202000000575";"3";"900";" -1";"N/A";"2";"2";"0";"1";"(1)";"(1)";"1";;" -1";"1";"0";"1";"80"
"202000000576";"3";"219";" -1";"N/A";"2";"2";"0";"2";"22";"440";"2";;" -1";"1";"0";"3";"80"
"202000000577";"3";"1084";"0";"N/A";"2";"2";"0";"1";"3";"1";"1";;" -1";"1";"0";"1";" -1"
"202000000578";"3";"63";" -1";"N/A";"2";"2";"0";"2";"4";"390";"1";"0";"5,6";"2";"0";"3";"80"
"202000000579";"3";"84";"0";"N/A";"2";"2";"0";"1";"8";"100";"1";;" -1";"2";"0";"1";"50"
"202000000580";"4";"N/A";" -1";"N/A";"2";"2";"0";"1";"(1)";"(1)";"1";;" -1";"1";"0";"1";"50"
"202000000581";"3";"947";" -1";"N/A";"1";"1";"0";"1";"(1)";"(1)";"1";;" -1";"1";"0";"6";"50"
"202000000582";"1";"50";"0";"N/A";"3";"3";"0";"1";"6";"599";"1";;" -1";"1";"0";"1";"90"
"202000000583";"1";"10";"0";"N/A";"3";"6";"0";"2";"534";"200";"1";;" -1";"1";"2";"1";"130"
"202000000584";"1";"25";"0";"N/A";"3";"3";"0";"1";"10";"0";"1";;" -1";"2";"0";"1";"110"
"202000000585";"1";"1";"0";"N/A";"3";"4";"0";"1";"208";"100";"1";;" -1";"1";"0";"1";"110"
"202000000586";"1";"106";"0";"N/A";"1";"1";"0";"1";"6";"150";"1";;" -1";"1";"0";"1";"50"
"202000000587";"1";"6";"0";"N/A";"1";"3";"0";"1";"23";"715";"1";;" -1";"1";"0";"1";"110"
"202000000588";"1";"13";"0";"N/A";"3";"2";"0";"1";"20";"250";"1";;" -1";"1";"0";"1";"110"
"202000000589";"1";"13";"0";"N/A";"3";"6";"0";"1";"7";"0";"1";;" -1";"1";"0";"1";"110"
"202000000590";"1";"A5b";"0";"N/A";"1";"2";"0";"1";"2";"700";"1";;" -1";"1";"0";"1";"110"
"202000000591";"1";"A86 EXT";"0";"N/A";"3";"6";"0";"1";"46";"0";"1";;" -1";"1";"1";"1";"90"
"202000000592";"1";"A4";"0";"N/A";"3";"8";"0";"1";"10";"500";"3";;" -1";"1";"0";"1";"110"
"202000000593";"1";"AUTOROUTE A1";"0";"N/A";"1";"3";"0";"1";"8";"899";"1";;" -1";"1";"0";"3";"90"
"202000000594";"1";"AUTOROUTE A1";"0";"N/A";"1";"3";"0";"1";"3";"200";"1";;" -1";"2";"0";"1";"90"
"202000000595";"3";"26";"0";"N/A";"2";"2";"0";"1";"1";"0";"1";;" -1";"1";"0";"1";"50"
"202000000596";"2";"21";"0";"N/A";"2";"3";"3";"1";"2";"40";"1";;" -1";"1";"0";"1";"50"
"202000000597";"3";"448";"0";"N/A";"2";"2";"0";"1";"0";"100";"1";;" -1";"1";"0";"1";"50"
"202000000598";"3";"33";"0";"N/A";"2";"2";"0";"1";"0";"100";"1";;" -1";"1";"0";"1";"70"
"202000000599";"4";"N/A";"0";"N/A";"2";"2";"0";"1";"(1)";"(1)";"1";;"6,7";"1";"0";"1";"50"
"202000000600";"3";"14";"0";"N/A";"3";"6";"0";"1";"0";"430";"1";;" -1";"1";"0";"1";"50"
"202000000601";"3";"RD 30";"0";"N/A";"2";"2";"0";"1";"20";"1250";"1";;" -1";"1";"0";"1";"70"
"202000000602";"3";"SAINTE ROSE (RUE)";"0";"N/A";" -1";"2";"0";"1";"0";"480";"2";;" -1";"2";"5";"1";"50"
"202000000603";"4";"EVENTAIL RUE DE L' N° PAIRS 198 ET >";"0";"N/A";"2";"2";"1";"2";"0";"0";"1";;" -1";"1";"0";"1";"50"
"202000000604";"4";"N/A";"0";"N/A";"1";"2";"0";"1";"(1)";"(1)";"3";;" -1";"1";"9";"1";"50"
"202000000605";"4";"REDON (DE)";"0";"N/A";"2";"2";"0";"1";"0";"0";"1";;" -1";"1";"0";"1";"50"
"202000000606";"4";"AVE CARNOT";"0";"N/A";"3";"5";"2";"2";"(1)";"(1)";"1";;" -1";"1";"0";"1";"70"
"202000000607";"3";"572";" -1";"H";"2";"2";"0";"1";"4";"100";"2";;" -1";"1";"0";"1";"80"
"202000000608";"3";"19";" -1";"D";"2";"2";"0";"1";"0";"0";"3";;" -1";"1";"5";"1";"80"
"202000000609";"3";"69";"0";"N/A";" -1";"2";"0";"1";"5";"0";"1";;" -1";"1";"0";"1";"80"
"202000000610";"1";"31";"0";"A";"3";"4";"0";"1";"170";"800";"1";;" -1";"1";"0";"1";"130"
"202000000611";"2";"RT";" -1";"N/A";"2";"2";"0";"1";"0";"900";"3";;" -1";"1";"0";"1";"40"
"202000000612";"1";"43";" -1";"N/A";"3";"4";"0";"2";"64";"900";"3";;" -1";"1";"0";"1";"130"
"202000000613";"1";"1";"0";"N/A";"1";"5";"0";"1";"44";"120";"1";;" -1";"1";"7";"1";"130"
"202000000614";"4";"N/A";" -1";"N/A";"2";"2";"0";"4";"(1)";"(1)";"3";;" -1";"1";"9";"1";"80"
"202000000615";"3";"12";" -1";"N/A";"2";"2";"0";"1";"13";"300";"1";;" -1";"1";"0";"1";"90"
"202000000616";"3";"4085";" -1";"N/A";"2";"2";"0";"1";"115";"870";"2";;" -1";"1";"0";"3";"80"
"202000000617";"3";"25";" -1";"N/A";"2";"2";"0";"4";"19";"500";"2";;" -1";"1";"0";"3";"50"
"202000000618";"3";"20.3";" -1";"N/A";"2";"2";"2";"1";"(1)";"(1)";"1";;" -1";"1";"0";"5";"30"
"202000000619";"2";"59";"0";"N/A";"2";"2";"0";"2";"13";"562";"1";;" -1";"1";"2";"1";"80"
"202000000620";"3";"468";" -1";"N/A";"2";"2";"0";"1";"37";"600";"1";;" -1";"1";"0";"1";"80"
"202000000621";"3";"902";"0";"N/A";"2";"2";"0";"2";"115";"590";"2";;" -1";"1";"0";"1";"50"
"202000000622";"3";"1075";" -1";"N/A";"1";"1";"1";"1";"96";"250";"1";;" -1";"1";"0";"5";"50"
"202000000623";"4";"N/A";"0";"N/A";"2";"2";"1";"1";"(1)";"(1)";"3";;" -1";"2";"0";"5";" -1"
"202000000624";"4";"N/A";" -1";"N/A";"2";"2";"0";"1";"(1)";"(1)";"1";;" -1";"1";"0";"1";"50"
"202000000625";"3";"104";"0";"N/A";"2";"2";"0";"4";"4";"766";"2";;" -1";"1";"0";"1";"80"
"202000000626";"4";"N/A";" -1";"N/A";"2";"2";"0";"1";"(1)";"(1)";"2";;" -1";"1";"2";"3";"70"
"202000000627";"3";"830";" -1";"N/A";"2";"2";"0";"1";"13";"700";"1";;" -1";"1";"0";"3";"80"
"202000000628";"1";"51";"0";"N/A";"1";"0";"3";"1";"16";"0";"1";;" -1";"1";"0";"1";"70"
"202000000629";"1";"43";"0";"N/A";"3";"8";"0";"1";"7";"0";"1";;" -1";"1";"0";"1";"90"
"202000000630";"3";"383 ";"0";"N/A";"1";"3";"0";"1";"6";"599";"1";;" -1";"1";"0";"1";"70"
"202000000631";"2";"104";"0";"N/A";"3";"3";"0";"1";"34";"0";"1";;" -1";"1";"0";"1";"90"
"202000000632";"2";"441";"0";"N/A";"1";"3";"0";"1";"7";"500";"1";;" -1";"1";"0";"1";"90"
"202000000633";"1";"AUTOROUTE A1";"0";"N/A";"3";"8";"0";"1";"2";"0";"1";;" -1";"1";"0";"1";"90"
"202000000634";"2";"104";"0";"N/A";"3";"2";"0";"1";"25";"700";"3";;" -1";"2";"0";"1";"50"
"202000000635";"3";"RD 14";"0";"N/A";"3";"4";"0";"1";"1";"200";"1";;" -1";"2";"0";"1";"50"
"202000000636";"1";"86";"0";"N/A";"3";"7";"0";"1";"13";"199";"1";;" -1";"1";"0";"1";"90"
"202000000637";"1";"86";"0";"N/A";"3";"9";"0";"1";"22";"600";"1";;" -1";"1";"3";"1";"90"
"202000000638";"1";"Autoroute A31";"0";"N/A";"3";"6";"0";"1";"311";"700";"1";;" -1";"1";"0";"1";"110"
"202000000639";"3";"0003";"0";"N/A";"2";"2";"0";"1";"4";"600";"1";;" -1";"1";"0";"1";"50"
"202000000640";"3";"0002";"0";"N/A";"2";"2";"0";"1";"5";"500";"1";;" -1";"1";"0";"1";"50"
"202000000641";"4";"MARIUS BERLIET                      (R )";"0";"N/A";"2";"3";"3";"1";"83";"0";"1";;" -1";"1";"0";"1";"50"
"202000000642";"4";"FRANCIS DE PRESSENSE                (AV)";"0";"N/A";"2";"2";"1";"1";"0";"0";"1";;" -1";"1";"0";"1";"50"
"202000000643";"4";"RENAN                               (R )";"0";"N/A";"1";"1";"1";"1";"0";"0";"1";;" -1";"1";"0";"1";"50"
"202000000644";"4";"JEAN JAURES                         (AV)";"0";"N/A";" -1";"4";"0";"1";"0";"0";"1";;" -1";"1";"0";"1";"50"
"202000000645";"4";"PASTEUR (AVENUE)";"0";"N/A";"1";"1";"0";"4";"0";"0";"1";;" -1";"1";"0";"1";"30"
"202000000646";"4";"GENERAL LECLERC (DU)                (PL)";"0";"N/A";"2";"2";"0";"1";"0";"1";"1";;" -1";"1";"0";"1";"50"
"202000000647";"4";"CREPIEUX (DE)                       (CH)";"0";"N/A";"2";"3";"0";"1";"0";"1";"3";;" -1";"1";"0";"1";"50"
"202000000648";"4";"N/A";"0";"N/A";"3";"2";"0";"1";"(1)";"(1)";"1";;" -1";"1";"0";"1";"50"
"202000000649";"4";"ARISTIDE MAILLOL(AVENUE)";"0";"N/A";"2";"2";"0";"1";"(1)";"(1)";"1";;" -1";"1";"0";"1";"50"
"202000000650";"2";"7";"0";"N/A";"1";"2";"0";"1";"0";"0";"1";;" -1";"1";"0";"1";"50"
"202000000651";"4";"NC";"0";"N/A";"4";"2";"3";"1";"0";"0";"1";;" -1";"1";"5";"1";"50"
"202000000652";"3";"OLBIA  (VOIE)";"0";"N/A";"2";"6";"0";"1";"11";"300";"1";;" -1";"1";"5";"1";"50"
"202000000653";"4";"EUROPE (AVENUE DE L')";"0";"N/A";"2";"4";"0";"1";"0";"0";"1";;" -1";"1";"0";"1";"50"
"202000000654";"4";"CEP AVENUE DU";"0";"N/A";"2";"2";"0";"1";"0";"0";"1";;" -1";"1";"0";"1";"50"
"202000000655";"4";"SOUTHAMPTON (QUAI DE)";"0";"N/A";"2";"3";"0";"1";"0";"0";"1";;" -1";"1";"0";"1";"50"
"202000000656";"3";"RD 6382";"0";"N/A";"3";"5";"0";"2";"6";"400";"1";;" -1";"1";"0";"1";"90"
"202000000657";"4";"VOLTAIRE";"0";"N/A";"2";"2";"0";"1";"0";"0";"1";;" -1";"2";"0";"1";"50"
"202000000658";"3";"925";"0";"N/A";"2";"3";"0";"2";"98";"500";"1";;" -1";"1";"9";"1";"30"
"202000000659";"2";"70";"0";"N/A";"3";"4";"0";"1";"0";"0";"1";;" -1";"1";"0";"1";"110"
"202000000660";"3";"PIERRE MENDES FRANCE                (AV)";"0";"N/A";"2";"4";"0";"1";"0";"1";"1";;" -1";"1";"0";"1";"50"
"202000000661";"4";"N/A";"0";"N/A";"2";"2";"1";"1";"0";"0";"1";;" -1";"1";"0";"1";"50"
"202000000662";"4";"PAYRA (PLACE JEAN)";"0";"N/A";" -1";"2";"0";"1";"0";"0";"1";;" -1";"1";"0";"1";"50"
"202000000663";"4";"DESNOYE (BOULEVARD DR. JOSEPH)";"0";"N/A";" -1";"2";"0";"1";"0";"0";"1";;" -1";"1";"0";"1";"50"
"202000000664";"4";"PERVENCHES (AVENUE DES)";"0";"N/A";"2";"2";"0";"1";"0";"0";"1";;" -1";"1";"0";"1";"50"
"202000000665";"3";"937";"0";"N/A";"2";"2";"0";"1";"3";"900";"1";;" -1";"1";"0";"1";"50"
"202000000666";"4";"TOUMANIANTZ (AVENUE)";"0";"N/A";"3";"4";"0";"1";"0";"0";"1";;" -1";"1";"0";"1";"50"
"202000000667";"4";"N/A";"0";"N/A";"3";"4";"0";"1";"(1)";"(1)";"2";;" -1";"1";"0";"1";"50"
"202000000668";"4";"RUE DE TOURCOING ";"0";"N/A";"2";"2";"0";"1";"(1)";"(1)";"1";;" -1";"1";"0";"1";"50"
"202000000669";"4";"ALSACE (RUE D')";"0";"N/A";"2";"2";"0";"1";"0";"0";"1";;" -1";"2";"0";"1";"50"
"202000000670";"4";"N/A";"0";"N/A";"2";"2";"0";"1";"0";"0";"1";;" -1";"1";"0";"1";"30"
"202000000671";"3";"194";"0";"N/A";"2";"2";" -1";"1";"8";"590";"1";;" -1";"2";"0";"6";"50"
"202000000672";"4";"N/A";"0";"N/A";"2";"2";"0";"1";"(1)";"(1)";"1";;" -1";"1";"0";"1";"50"
"202000000673";"4";"MENDES FRANCE (BOULEVARD)";"0";"N/A";"3";"4";"0";"1";"0";"0";"1";;" -1";"1";"0";"1";"50"
"202000000674";"4";"N/A";"0";"N/A";"2";"2";"0";"1";"0";"0";"1";;" -1";"1";"0";"1";"50"
"202000000675";"4";"PERRAULT (RUE CHARLES)";"0";"N/A";"2";"2";"0";"1";"0";"0";"1";;" -1";"1";"0";"1";"50"
"202000000676";"4";"N/A";"0";"N/A";"2";"1";"0";"1";"0";"1";"1";;" -1";"1";"0";"1";"50"
"202000000677";"6";"N/A";"0";"N/A";" -1";" -1";"0";"1";"(1)";"(1)";"1";;" -1";"1";"0";"1";"30"
"202000000678";"4";"N/A";"0";"N/A";"1";"1";"1";"1";"(1)";"(1)";"2";;" -1";"1";"0";"1";"30"
"202000000679";"4";"N/A";"0";"N/A";"2";"2";"0";"1";"(1)";"(1)";"1";;" -1";"1";"0";"1";"50"
"202000000680";"3";"355";"0";"N/A";"2";"2";"0";"2";"1";"95";"3";;" -1";"1";"0";"1";"80"
"202000000681";"4";"GAYEULLES (SQUARE DES)";"0";"N/A";" -1";"2";"0";"1";"(1)";"(1)";"1";;" -1";"1";"0";"1";"30"
"202000000682";"6";"DUTERTRE (SQUARE CDT  CHRISTIAN)";"0";"N/A";" -1";" -1";"0";"1";"(1)";"(1)";"1";;" -1";"1";"0";"1";"30"
"202000000683";"4";"RUE DU GENERAL SARRAIL";"0";"N/A";"2";"2";"0";"1";"(1)";"(1)";"2";;" -1";"1";"0";"1";"50"
"202000000684";"1";"620";"0";"N/A";"1";"1";"0";"1";"9";"695";"3";;" -1";"1";"0";"1";"50"
"202000000685";"3";"2";"0";"N/A";"2";"2";"0";"1";"25";"100";"1";;" -1";"1";"0";"1";"50"
"202000000686";"4";"AVIGNON (ROUTE)";"0";"N/A";"2";"2";"0";"1";"0";"0";"1";;" -1";"1";"0";"1";"50"
"202000000687";"4";"Quai Carnot";"0";"N/A";"1";"1";"1";"1";"0";"0";"1";;" -1";"1";"5";"1";"50"
"202000000688";"4";"N/A";"0";"N/A";"2";"2";"0";"2";"0";"0";"1";;" -1";"1";"0";"1";"50"
"202000000689";"4";"CHARLES DE GAULLE (AVENUE)";"0";"N/A";"2";"2";"0";"1";"0";"0";"1";;" -1";"1";"0";"4";"50"
"202000000690";"4";"POMMERAIE (RUE DE LA)";"0";"N/A";"2";"1";"0";"1";"0";"0";"1";;" -1";"1";"0";"1";"80"
"202000000691";"4";"PONTAILLAC (DE) (AVENUE)";"0";"N/A";"2";"2";"0";"2";"0";"0";"1";;" -1";"1";"0";"1";"30"
"202000000692";"3";"104";"3";"E";"2";"2";"0";"1";"0";"570";"1";;" -1";"1";"2";"3";"50"
"202000000693";"3";"4";"0";"N/A";"2";"2";"0";"2";"0";"0";"1";;" -1";"1";"0";"1";"50"
"202000000694";"4";"FERRARI (RUE)";"0";"N/A";" -1";"2";"0";"1";"0";"0";"1";;" -1";"1";"0";"1";"50"
"202000000695";"4";"RAYMOND FILIPPI AVENUE";"0";"N/A";"2";"2";"0";"1";"(1)";"(1)";"1";;" -1";"1";"0";"1";"50"
"202000000696";"4";"ALSACE LORRAINE BOULEVARD";"0";"N/A";"2";"0";"0";"1";"0";"0";"4";;" -1";"1";"0";"1";"50"
"202000000697";"4";"CESSOLE (BD DE) (JUSQU'AU N° 93-110)";"0";"N/A";"2";"3";"3";"1";"0";"0";"1";;" -1";"1";"0";"1";"50"
"202000000698";"4";"CHEVREFEUILLES (CHEMIN DES)";"0";"N/A";"2";"2";"0";"2";"0";"0";"2";;" -1";"2";"0";"8";"50"
"202000000699";"4";"DUNANT (AVENUE HENRI)";"0";"N/A";"2";"2";"0";"2";"0";"0";"1";;" -1";"2";"6";"8";"50"
"202000000700";"3";"PARIS (ROUTE DE)";"0";"N/A";"3";"4";"0";"1";"30";"190";"1";;" -1";"1";"0";"1";"80"
"202000000701";"4";"N/A";"0";"N/A";"1";"4";"0";"1";"24";"800";"1";;" -1";"1";"0";"1";"70"
"202000000702";"4";"N/A";"0";"N/A";"2";"4";"1";"1";"0";"0";"1";;" -1";"1";" -1";"5";"50"
"202000000703";"4";"N/A";"0";"N/A";"3";"2";"1";"2";"0";"0";"1";;" -1";"1";" -1";"5";"50"
"202000000704";"4";"N/A";"0";"N/A";"2";"4";"0";"1";"0";"0";"1";;" -1";"1";"0";"1";"50"
"202000000705";"4";"N/A";"0";"N/A";"1";"2";"3";"2";"0";"0";"1";;" -1";"1";" -1";"6";"50"
"202000000706";"4";"N/A";"0";"N/A";"2";"4";"1";"1";"0";"0";"1";;" -1";"1";" -1";"5";"50"
"202000000707";"4";"N/A";"0";"N/A";"2";"6";"0";"1";"0";"0";"2";;" -1";"1";"0";"1";"50"
"202000000708";"4";"N/A";"0";"N/A";"2";"2";"0";"1";"0";"0";"1";;" -1";"1";"0";"1";"30"
"202000000709";"4";"N/A";"0";"N/A";"2";"5";"0";"1";"0";"0";"1";;" -1";"1";"0";"1";"50"
"202000000710";"4";"N/A";"0";"N/A";"2";"3";"0";"1";"0";"0";"1";;" -1";"1";"0";"1";"50"
"202000000711";"4";"N/A";"0";"N/A";"2";"2";"0";"1";"0";"0";"1";;" -1";"1";"0";"1";"30"
"202000000712";"4";"N/A";"0";"N/A";"2";"2";"1";"1";"0";"0";"1";;" -1";"1";" -1";"5";"50"
"202000000713";"9";"FRATERNITE (R DE LA)";"0";"N/A";"1";"1";"0";"1";"26";"0";"2";;" -1";"1";"0";"8";"50"
"202000000714";"4";"JEAN JAURES (AV)";"0";"N/A";"1";"1";"0";"1";"0";"0";"1";;" -1";"1";"0";"6";"50"
"202000000715";"4";"LEON MOUSSINAC (R)";"0";"N/A";"1";"1";"0";"1";"0";"0";"1";;" -1";"1";"0";"1";"20"
"202000000716";"3";"127";"0";"N/A";"2";"1";"0";"1";"0";"1";"1";;" -1";"1";"0";"1";"50"
"202000000717";"3";"920";"0";"N/A";"2";"6";"0";"2";"0";"1";"2";;" -1";"3";"0";"2";"50"
"202000000718";"3";"154";"0";"N/A";"2";"4";"0";"1";"(1)";"(1)";"1";;" -1";"1";"0";"1";"50"
"202000000719";"3";"130";"0";"N/A";"2";"2";"0";"1";"(1)";"(1)";"1";;" -1";"1";"0";"1";"50"
"202000000720";"3";"219";"0";"N/A";" -1";"2";"0";"1";"(1)";"(1)";"1";;" -1";"1";"0";"1";"50"
"202000000721";"3";"145";"0";"N/A";"2";"2";"1";"1";"(1)";"(1)";"1";;" -1";"1";"0";"1";"50"
"202000000722";"3";"VICTOR-HUGO (BD)";"0";"N/A";"2";"4";"1";"1";"0";"1";"1";;" -1";"1";"0";"1";"50"
"202000000723";"3";"34";"0";"N/A";"2";"2";"0";"1";"1";"1";"1";;" -1";"1";"9";"8";"20"
"202000000724";"3";"THEOPHILE SUEUR (BOULEVARD)";"0";"N/A";"3";"4";"0";"1";"0";"0";"1";;" -1";"1";"0";"1";"50"
"202000000725";"4";"N/A";"0";"N/A";"1";"1";"1";"1";"0";"0";"1";;" -1";"1";"0";"1";"50"
"202000000726";"3";"970";"0";"N/A";"1";"1";"0";"1";"0";"1";"3";;" -1";"1";"6";"8";"50"
"202000000727";"4";"CLICHY (AVENUE DE)";"0";"N/A";"3";"2";"0";"1";"0";"0";"1";;" -1";"1";"0";"1";"50"
"202000000728";"3";"PARIS (RUE DE)";"0";"N/A";"3";"2";"0";"1";"0";"1";"1";;" -1";"1";"5";"1";"50"
"202000000729";"3";"MICHELET (AVE) : DU 1 AU 103";"0";"N/A";"2";"0";"0";"1";"0";"1";"1";;" -1";"1";"0";"1";"50"
"202000000730";"3";"991";"0";"N/A";"3";"4";"0";"1";"0";"0";"1";;" -1";"1";"0";"5";"50"
"202000000731";"3";"102";"0";"N/A";" -1";"2";"0";"1";"0";"0";"1";;" -1";"1";"0";"1";"50"
"202000000732";"3";"11";"0";"B";"2";"2";"0";"1";"0";"0";"1";;" -1";"1";"0";"1";"50"
"202000000733";"4";"VICTOR HUGO (RUE)";"0";"N/A";"2";"2";"0";"1";"0";"0";"1";;" -1";"2";"0";"1";"50"
"202000000734";"3";"133 a";"0";"A";"2";"2";"0";"2";"(1)";"(1)";"2";;" -1";"1";"0";"1";"50"
"202000000735";"3";"905";" -1";"N/A";"2";"2";"0";"1";"7";"800";"1";;" -1";"1";"0";"1";"70"
"202000000736";"3";"538";"0";"N/A";"2";"2";"0";"1";"6";"285";"1";;" -1";"1";"0";"1";"80"
"202000000737";"6";"N/A";"0";"A";"2";"2";"0";"1";"0";"0";"2";;" -1";"1";"9";"4";"50"
"202000000738";"3";"942";" -1";"N/A";"2";"2";"0";"1";"24";"950";"1";;" -1";"1";"0";"1";"70"
"202000000739";"3";"25";" -1";"N/A";"2";"2";"0";"1";"3";"300";"1";;" -1";"1";"5";"1";"50"
"202000000740";"2";"137";"0";"N/A";"3";"4";"0";"4";"21";"810";"3";;" -1";"1";"3";"8";"50"
"202000000741";"1";"75";"0";"N/A";"3";"4";"0";"2";"154";"692";"2";;" -1";"1";"0";"3";"130"
"202000000742";"1";"75";" -1";"N/A";"3";"4";"0";"3";"79";"100";"1";;" -1";"1";"0";"1";" -1"
"202000000743";"1";"77";" -1";"N/A";"3";"4";"0";"1";"96";"400";"1";;" -1";"1";"7";"1";"130"
"202000000744";"3";"1120";"0";"N/A";"2";"2";"0";"1";"(1)";"(1)";"1";;" -1";"1";"0";"1";"50"
"202000000745";"3";"781";" -1";"N/A";"2";"2";"0";"1";"44";"220";"1";;" -1";"1";"0";"1";" -1"
"202000000746";"3";"27";" -1";"N/A";"2";"2";"0";"2";"5";"37";"1";;" -1";"1";"0";"1";"50"
"202000000747";"3";"230";"0";"N/A";"2";"2";"0";"1";"23";"715";"1";;" -1";"1";"0";"1";"80"
"202000000748";"3";"654";" -1";"N/A";"2";"2";"0";"1";"5";"250";"1";;" -1";"1";"0";"1";"80"
"202000000749";"3";"952";"0";"N/A";"3";"1";"0";"1";"6";"232";"1";;" -1";"1";"0";"1";"80"
"202000000750";"3";"773";"0";"N/A";"2";"2";"0";"1";"24";"900";"1";;" -1";"1";"2";"1";"80"
"202000000751";"3";"27";" -1";"N/A";"2";"2";"0";"1";"13";"900";"1";;" -1";"1";"0";"1";"50"
"202000000752";"3";"89";"0";"D";"2";"2";"0";"2";"10";"0";"2";;" -1";"1";"0";"3";"80"
"202000000753";"3";"34";"0";"D";"2";"2";"0";"1";"0";"700";"1";;" -1";"1";"0";"3";"80"
"202000000754";"3";"3";" -1";"N/A";"2";"2";"0";"2";"47";"600";"1";;" -1";"1";"0";"1";"80"
"202000000755";"4";"N/A";" -1";"N/A";"2";"2";"0";"4";"(1)";"(1)";"3";;" -1";"1";"0";"3";"50"
"202000000756";"3";"710";"0";"N/A";"2";"2";"0";"1";"71";"500";"2";;" -1";"1";"0";"3";"80"
"202000000757";"2";"12";" -1";"N/A";"3";"4";"0";"1";"73";"500";"1";;" -1";"1";"0";"1";"110"
"202000000758";"3";"1201";"0";"N/A";"2";"3";"0";"2";"18";"0";"1";;" -1";"2";"5";"1";"50"
"202000000759";"4";"0";"0";"N/A";"2";"2";"0";"1";"(1)";"(1)";"1";;" -1";"1";"0";"3";"50"
"202000000760";"3";"EDOUARD VAILLANT DU 2/38.";"0";"N/A";"2";"2";"0";"1";"0";"1";"1";;" -1";"1";"0";"1";"50"
"202000000761";"3";"JEAN LOLIVE (AVENUE)(1/55 2/60)";"0";"N/A";"2";"4";"0";"1";"0";"0";"1";;" -1";"2";"0";"1";"50"
"202000000762";"4";"VICTOR HUGO (65/FIN . 62/FIN)";"0";"N/A";"2";"0";"0";"1";"0";"0";"1";;" -1";"2";"8";"1";"50"
"202000000763";"3";"JEAN LOLIVE (AVENUE)(55/73.62/86)";"0";"N/A";"3";"6";"1";"1";"0";"1";"1";;" -1";"2";"0";"1";"50"
"202000000764";"3";"JEAN LOLIVE (AVENUE)(137/FIN ET 134/FIN)";"0";"N/A";"4";"2";"0";"1";"0";"1";"1";;" -1";"1";"9";"1";"50"
"202000000765";"4";"CARTIER BRESSON DU 41/93.46/100";"0";"N/A";"2";"2";"0";"1";"0";"0";"1";;" -1";"1";"0";"4";"50"
"202000000766";"3";"EDOUARD VAILLANT DU 1 A FIN.";"0";"N/A";"4";"2";"0";"1";"0";"1";"1";;" -1";"1";"0";"1";"50"
"202000000767";"4";"PRE ST GERVAIS (DU) (29/53 . 28/54)";"0";"N/A";"2";"2";"0";"1";"0";"0";"1";;" -1";"1";"0";"1";"50"
"202000000768";"3";"SEMARD (RUE PIERRE)";"0";"N/A";"2";"2";"0";"1";"0";"1";"1";;" -1";"1";"9";"1";"30"
"202000000769";"3";"MEHUL (1/37. 2/24)";"0";"N/A";"4";"2";"0";"1";"0";"1";"1";;" -1";"1";"0";"1";"50"
"202000000770";"3";"GENERAL LECLERC (AVENUE)(1/41 ET 2/76)";"0";"N/A";"1";"3";"3";"1";"